-- phpMyAdmin SQL Dump
-- version 5.2.1
-- https://www.phpmyadmin.net/
--
-- Host: 127.0.0.1
-- Generation Time: Nov 07, 2024 at 11:23 PM
-- Server version: 10.4.32-MariaDB
-- PHP Version: 8.0.30

SET SQL_MODE = "NO_AUTO_VALUE_ON_ZERO";
START TRANSACTION;
SET time_zone = "+00:00";


/*!40101 SET @OLD_CHARACTER_SET_CLIENT=@@CHARACTER_SET_CLIENT */;
/*!40101 SET @OLD_CHARACTER_SET_RESULTS=@@CHARACTER_SET_RESULTS */;
/*!40101 SET @OLD_COLLATION_CONNECTION=@@COLLATION_CONNECTION */;
/*!40101 SET NAMES utf8mb4 */;

--
-- Database: `void`
--

-- --------------------------------------------------------

--
-- Table structure for table `admin`
--

CREATE TABLE `admin` (
  `id` int(11) NOT NULL,
  `name` varchar(100) NOT NULL,
  `email` varchar(100) NOT NULL,
  `dob` date NOT NULL,
  `mobile` varchar(15) NOT NULL,
  `password` varchar(255) NOT NULL,
  `created_at` timestamp NOT NULL DEFAULT current_timestamp(),
  `otp` varchar(6) DEFAULT NULL,
  `otp_expiry` datetime DEFAULT NULL
) ENGINE=InnoDB DEFAULT CHARSET=utf8mb4 COLLATE=utf8mb4_general_ci;

--
-- Dumping data for table `admin`
--

INSERT INTO `admin` (`id`, `name`, `email`, `dob`, `mobile`, `password`, `created_at`, `otp`, `otp_expiry`) VALUES
(1, 'Admin User', 'admin@example.com', '1980-05-01', '1234567890', '$2y$10$XXXXXXXXXXXXXXXXXXXXX', '2024-09-30 18:00:00', NULL, NULL),
(2, 'lishad', 'admin@gmail.com', '1980-05-01', '1234567890', 'aaaa', '2024-09-30 18:00:00', NULL, NULL),
(3, 'LISHAD', 'admin02@gmail.com', '2024-10-02', '24353434231', '$2y$10$8xt29MXpUGW9kxabL.Z7jeCu9BtY8CVY4T8oXdEXPmxT1D9npLAm.', '2024-10-01 06:50:31', NULL, NULL),
(4, 'adnan', 'adnanarafat007@gmail.com', '2024-10-22', '4737473498383', '$2y$10$50VzLJH3zEzubWTp98RBTeqV7UIJRApsDbXfMk385cjCr6epz2.aG', '2024-10-08 09:15:34', NULL, NULL);

-- --------------------------------------------------------

--
-- Table structure for table `books`
--

CREATE TABLE `books` (
  `book_id` int(11) NOT NULL,
  `title` varchar(255) NOT NULL,
  `author` varchar(255) NOT NULL,
  `total_copies` int(11) NOT NULL CHECK (`total_copies` >= 0),
  `available_copies` int(11) NOT NULL CHECK (`available_copies` >= 0 and `available_copies` <= `total_copies`),
  `genre` varchar(100) DEFAULT NULL
) ENGINE=InnoDB DEFAULT CHARSET=utf8mb4 COLLATE=utf8mb4_general_ci;

--
-- Dumping data for table `books`
--

INSERT INTO `books` (`book_id`, `title`, `author`, `total_copies`, `available_copies`, `genre`) VALUES
(1, 'The Great Gatsby', 'F. Scott Fitzgerald', 1, 0, 'Drama'),
(2, '333', 'George Orwell', 1, 0, 'Drama'),
(3, 'To Kill a Mockingbird', 'Harper Lee', 1, 0, 'Historical Fiction'),
(4, 'The Catcher in the Rye', 'J.D. Salinger', 1, 0, 'Classic Literature'),
(5, 'Pride and Prejudice', 'Jane Austen', 1, 1, 'Drama'),
(6, 'Moby Dick', 'Herman Melville', 1, 1, 'Adventure'),
(7, 'The Hobbit', 'J.R.R. Tolkien', 1, 0, 'Fantasy'),
(8, 'War and Peace', 'Leo Tolstoy', 1, 1, 'Realism'),
(9, 'Crime and Punishment', 'Fyodor Dostoevsky', 1, 1, 'Realism'),
(11, '1984', 'George Orwell', 1, 1, 'Realism'),
(12, 'The Picture of Dorian Gray', 'Oscar Wilde', 1, 0, 'Gothic'),
(13, 'Brave New World', 'Aldous Huxley', 1, 1, 'Dystopian'),
(14, 'The Lord of the Rings', 'J.R.R. Tolkien', 1, 0, 'Epic Fantasy'),
(15, 'Fahrenheit 451', 'Ray Bradbury', 1, 1, 'Dystopian'),
(16, 'The Catcher in the Rye', 'J.D. Salinger', 1, 0, 'Classic Fiction'),
(17, 'The Great Expectations', 'Charles Dickens', 1, 0, 'Drama'),
(18, 'The Adventures of Huckleberry Finn', 'Mark Twain', 1, 0, 'Adventure'),
(19, 'Animal Farm', 'George Orwell', 1, 1, 'Political Fiction'),
(20, 'The Scarlet Letter', 'Nathaniel Hawthorne', 1, 0, 'Classic'),
(21, 'Frankenstein', 'Mary Shelley', 2, 2, 'War'),
(22, 'Don Quixote', 'Miguel de Cervantes', 2, 2, 'Classic Literature'),
(23, 'The Odyssey', 'Homer', 2, 0, 'Romance'),
(24, 'Dracula', 'Bram Stoker', 2, 2, 'Gothic Fiction'),
(25, 'The Brothers Karamazov', 'Fyodor Dostoevsky', 2, 1, 'Philosophical Fiction'),
(26, 'Jane Eyre', 'Charlotte Brontë', 2, 2, 'Romance'),
(27, 'Wuthering Heights', 'Emily Brontë', 2, 0, 'Gothic Fiction'),
(28, 'The Iliad', 'Homer', 2, 0, 'Romance'),
(29, 'Heart of Darkness', 'Joseph Conrad', 2, 2, 'Novella'),
(30, 'Les Misérables', 'Victor Hugo', 2, 2, 'Historical Fiction'),
(31, 'Anna Karenina', 'Leo Tolstoy', 2, 2, 'Romance'),
(32, 'Madame Bovary', 'Gustave Flaubert', 2, 1, 'Realism'),
(33, 'The Stranger', 'Albert Camus', 2, 2, 'Philosophical Fiction'),
(34, 'Catch-22', 'Joseph Heller', 2, 2, 'War '),
(35, 'The Grapes of Wrath', 'John Steinbeck', 2, 0, 'Realism'),
(36, 'Invisible Man', 'Ralph Ellison', 2, 2, 'Social Commentary'),
(37, 'Slaughterhouse-Five', 'Kurt Vonnegut', 2, 2, 'Satire'),
(38, 'The Metamorphosis', 'Franz Kafka', 2, 0, 'Existentialism'),
(39, 'A Tale of Two Cities', 'Charles Dickens', 3, 3, 'Historical Fiction'),
(40, 'Ulysses', 'James Joyce', 5, 5, 'Modernist Literature');

-- --------------------------------------------------------

--
-- Table structure for table `borrowed_books`
--

CREATE TABLE `borrowed_books` (
  `borrow_id` int(11) NOT NULL,
  `id` int(11) NOT NULL,
  `book_id` int(11) NOT NULL,
  `borrow_date` datetime DEFAULT current_timestamp(),
  `due_date` datetime DEFAULT NULL,
  `return_date` datetime DEFAULT NULL,
  `status` enum('borrowed','returned') DEFAULT 'borrowed'
) ENGINE=InnoDB DEFAULT CHARSET=utf8mb4 COLLATE=utf8mb4_general_ci;

--
-- Dumping data for table `borrowed_books`
--

INSERT INTO `borrowed_books` (`borrow_id`, `id`, `book_id`, `borrow_date`, `due_date`, `return_date`, `status`) VALUES
(2, 13, 4, '2024-10-16 23:27:28', '2024-10-23 23:27:28', '2024-10-24 18:17:43', 'borrowed'),
(3, 13, 9, '2024-10-16 23:29:06', '2024-10-23 23:29:06', '2024-10-24 18:17:50', 'borrowed'),
(4, 13, 7, '2024-10-16 23:33:34', '2024-10-23 23:33:34', '2024-10-24 18:17:47', 'borrowed'),
(5, 13, 8, '2024-10-16 23:37:39', '2024-10-25 23:37:39', '2024-10-24 18:17:48', 'borrowed'),
(6, 13, 5, '2024-10-17 00:00:48', '2024-10-26 00:00:48', '2024-10-22 11:10:56', 'borrowed'),
(7, 13, 6, '2024-10-17 04:08:16', '2024-10-26 04:08:16', '2024-10-24 18:17:46', 'borrowed'),
(9, 13, 4, '2024-10-18 12:02:35', '2024-10-27 12:02:35', '2024-10-24 18:17:43', 'borrowed'),
(10, 13, 9, '2024-10-18 12:08:09', '2024-10-27 12:08:09', '2024-10-24 18:17:50', 'borrowed'),
(11, 13, 16, '2024-10-18 12:39:54', '2024-10-27 12:39:54', '2024-10-24 18:17:59', 'borrowed'),
(12, 13, 9, '2024-10-18 12:41:05', '2024-10-27 12:41:05', '2024-10-24 18:17:50', 'borrowed'),
(13, 13, 18, '2024-10-21 23:49:21', '2024-10-30 23:49:21', '2024-10-24 18:18:02', 'borrowed'),
(14, 15, 17, '2024-10-22 02:42:05', '2024-10-31 02:42:05', '2024-10-21 22:44:08', 'borrowed'),
(15, 13, 17, '2024-10-22 02:45:43', '2024-10-31 02:45:43', '2024-10-24 18:18:01', 'borrowed'),
(20, 13, 14, '2024-10-22 15:12:56', '2024-10-31 15:12:56', '2024-10-30 23:05:26', 'borrowed'),
(22, 13, 4, '2024-10-22 15:35:46', '2024-10-31 15:35:46', '2024-10-24 18:17:43', 'borrowed'),
(24, 13, 2, '2024-10-24 18:57:25', '2024-11-02 18:57:25', '2024-10-24 18:17:39', 'borrowed'),
(25, 15, 35, '2024-10-24 20:22:46', '2024-11-02 20:22:46', '2024-10-25 21:53:34', 'borrowed'),
(26, 15, 2, '2024-10-25 23:53:58', '2024-11-03 23:53:58', '2024-10-25 21:52:40', 'borrowed'),
(27, 15, 9, '2024-10-26 00:02:21', '2024-11-04 00:02:21', '2024-10-25 21:53:07', 'borrowed'),
(28, 15, 8, '2024-10-26 00:02:59', '2024-11-04 00:02:59', '2024-10-25 21:53:06', 'borrowed'),
(31, 16, 32, '2024-10-26 00:30:44', '2024-11-04 00:30:44', NULL, 'borrowed'),
(32, 15, 25, '2024-10-26 00:50:21', '2024-11-04 00:50:21', '2024-10-25 21:53:24', 'borrowed'),
(34, 17, 16, '2024-10-29 15:17:05', '2024-11-07 15:17:05', NULL, 'borrowed'),
(35, 17, 7, '2024-10-29 15:17:53', '2024-11-07 15:17:53', NULL, 'borrowed'),
(36, 17, 17, '2024-10-29 15:18:14', '2024-11-07 15:18:14', NULL, 'borrowed'),
(37, 17, 2, '2024-10-29 15:18:59', '2024-11-07 15:18:59', NULL, 'borrowed'),
(38, 13, 14, '2024-10-31 03:25:58', '2024-11-09 03:25:58', '2024-10-30 23:05:26', 'borrowed'),
(40, 13, 20, '2024-10-31 03:29:18', '2024-11-09 03:29:18', '2024-10-30 23:06:55', 'borrowed'),
(53, 13, 12, '2024-10-31 05:11:01', '2024-11-09 05:11:01', NULL, 'borrowed'),
(54, 13, 14, '2024-10-31 12:30:39', '2024-11-09 12:30:39', NULL, 'borrowed'),
(55, 13, 28, '2024-10-31 12:33:36', '2024-11-09 12:33:36', NULL, 'borrowed'),
(56, 13, 27, '2024-10-31 12:40:31', '2024-11-09 12:40:31', NULL, 'borrowed'),
(59, 13, 25, '2024-10-31 12:48:42', '2024-11-09 12:48:42', NULL, 'borrowed'),
(63, 16, 4, '2024-11-03 23:12:32', '2024-11-12 23:12:32', NULL, 'borrowed'),
(64, 16, 18, '2024-11-03 23:13:28', '2024-11-12 23:13:28', NULL, 'borrowed'),
(66, 13, 20, '2024-11-03 23:18:58', '2024-11-12 23:18:58', NULL, 'borrowed'),
(74, 13, 28, '2024-11-05 12:33:58', '2024-11-14 12:33:58', NULL, 'borrowed'),
(79, 16, 27, '2024-11-05 12:52:00', '2024-11-14 12:52:00', NULL, 'borrowed'),
(82, 15, 23, '2024-11-05 15:25:51', '2024-11-14 15:25:51', NULL, 'borrowed'),
(84, 17, 35, '2024-11-05 15:37:31', '2024-11-14 15:37:31', NULL, 'borrowed'),
(86, 16, 38, '2024-11-05 15:54:11', '2024-11-14 15:54:11', NULL, 'borrowed');

-- --------------------------------------------------------

--
-- Table structure for table `reservations`
--

CREATE TABLE `reservations` (
  `reservation_id` int(11) NOT NULL,
  `user_email` varchar(255) NOT NULL,
  `book_id` int(11) NOT NULL,
  `reservation_date` timestamp NOT NULL DEFAULT current_timestamp(),
  `expiration_date` timestamp NULL DEFAULT NULL
) ENGINE=InnoDB DEFAULT CHARSET=utf8mb4 COLLATE=utf8mb4_general_ci;

--
-- Dumping data for table `reservations`
--

INSERT INTO `reservations` (`reservation_id`, `user_email`, `book_id`, `reservation_date`, `expiration_date`) VALUES
(4, 'aurongojeblishad02@gmail.com', 1, '2024-10-30 22:10:05', NULL),
(5, 'aurongojeblishad02@gmail.com', 1, '2024-10-30 22:12:44', NULL),
(6, 'aurongojeblishad02@gmail.com', 1, '2024-10-30 22:14:57', NULL),
(7, 'aurongojeblishad02@gmail.com', 1, '2024-10-30 22:21:29', NULL),
(8, 'aurongojeblishad02@gmail.com', 1, '2024-10-30 22:23:54', NULL),
(9, 'aurongojeblishad02@gmail.com', 1, '2024-10-30 22:35:27', NULL),
(10, 'aurongojeblishad02@gmail.com', 1, '2024-10-30 22:42:29', NULL),
(11, 'aurongojeblishad02@gmail.com', 1, '2024-10-30 22:43:35', NULL),
(12, 'aurongojeblishad02@gmail.com', 1, '2024-10-30 22:44:33', NULL),
(13, 'aurongojeblishad02@gmail.com', 1, '2024-10-30 22:52:03', NULL),
(14, 'aurongojeblishad02@gmail.com', 1, '2024-10-30 23:05:37', NULL),
(15, 'aurongojeblishad02@gmail.com', 1, '2024-10-30 23:08:02', NULL),
(16, 'aurongojeblishad02@gmail.com', 1, '2024-10-30 23:09:53', NULL),
(17, 'aurongojeblishad02@gmail.com', 7, '2024-10-30 23:10:16', NULL),
(18, 'aurongojeblishad02@gmail.com', 12, '2024-10-30 23:10:40', NULL),
(19, 'aurongozeblishad@gmail.com', 12, '2024-11-03 15:55:18', NULL),
(20, 'aurongozeblishad@gmail.com', 12, '2024-11-03 15:55:57', NULL),
(25, 'aurongojeblishad@gmail.com', 20, '2024-11-03 17:18:16', NULL),
(30, 'aurongozeblishad@gmail.com', 28, '2024-11-05 06:31:30', NULL),
(31, 'aurongojeblishad@gmail.com', 28, '2024-11-05 06:33:06', NULL),
(36, 'aurongojeblishad@gmail.com', 23, '2024-11-05 09:13:46', NULL),
(37, 'aurongojeblishad@gmail.com', 23, '2024-11-05 09:22:22', NULL),
(38, 'adnanarafat007@gmail.com', 23, '2024-11-05 09:23:31', NULL),
(40, 'aurongojeblishad@gmail.com', 35, '2024-11-05 09:29:40', NULL),
(42, 'aurongozeblishad@gmail.com', 38, '2024-11-05 09:41:03', NULL);

-- --------------------------------------------------------

--
-- Table structure for table `search_history`
--

CREATE TABLE `search_history` (
  `id` int(11) NOT NULL,
  `user_email` varchar(255) NOT NULL,
  `search_term` varchar(255) NOT NULL,
  `genre` varchar(255) NOT NULL,
  `search_time` timestamp NOT NULL DEFAULT current_timestamp()
) ENGINE=InnoDB DEFAULT CHARSET=utf8mb4 COLLATE=utf8mb4_general_ci;

--
-- Dumping data for table `search_history`
--

INSERT INTO `search_history` (`id`, `user_email`, `search_term`, `genre`, `search_time`) VALUES
(1, 'aurongojeblishad02@gmail.com', '1984', 'Dystopian', '2024-10-24 12:52:57'),
(2, 'aurongojeblishad02@gmail.com', '333', 'Science Fiction', '2024-10-24 12:57:16'),
(3, 'aurongozeblishad@gmail.com', 'moby dick', 'Adventure', '2024-10-24 13:01:31'),
(4, 'aurongozeblishad@gmail.com', 'war', 'War', '2024-10-24 13:02:01'),
(5, 'aurongozeblishad@gmail.com', 'war', 'War', '2024-10-24 13:04:53'),
(6, 'aurongozeblishad@gmail.com', 'fyo', 'Crime Fiction', '2024-10-24 13:51:58'),
(7, 'aurongozeblishad@gmail.com', 'fyo', 'Philosophical Fiction', '2024-10-24 13:51:58'),
(8, 'aurongozeblishad@gmail.com', 'The Grapes of Wrath', 'Realism', '2024-10-24 14:22:23'),
(9, 'aurongozeblishad@gmail.com', 'The Grapes of Wrath', 'Realism', '2024-10-24 14:22:43'),
(10, 'aurongojeblishad02@gmail.com', 'The Stranger', 'Philosophical Fiction', '2024-10-24 16:15:36'),
(11, 'aurongozeblishad@gmail.com', '333', 'Drama', '2024-10-25 17:53:45'),
(12, 'aurongozeblishad@gmail.com', 'madame', 'Realism', '2024-10-25 17:59:51'),
(13, 'aurongozeblishad@gmail.com', 'cri', 'Realism', '2024-10-25 18:02:19'),
(14, 'aurongozeblishad@gmail.com', 'wa', 'Realism', '2024-10-25 18:02:56'),
(15, 'aurongozeblishad@gmail.com', 'wa', 'Adventure', '2024-10-25 18:02:56'),
(16, 'aurongojeblishad@gmail.com', 'Rye', 'Classic Literature', '2024-10-25 18:28:51'),
(17, 'aurongojeblishad@gmail.com', 'Rye', 'Classic Fiction', '2024-10-25 18:28:51'),
(18, 'aurongojeblishad@gmail.com', 'Rye', 'Classic Literature', '2024-10-25 18:29:13'),
(19, 'aurongojeblishad@gmail.com', 'Rye', 'Classic Fiction', '2024-10-25 18:29:13'),
(20, 'aurongojeblishad@gmail.com', 'crime', 'Realism', '2024-10-25 18:29:46'),
(21, 'aurongojeblishad@gmail.com', '1984', 'Realism', '2024-10-25 18:30:06'),
(22, 'aurongojeblishad@gmail.com', 'madame', 'Realism', '2024-10-25 18:30:42'),
(23, 'aurongojeblishad@gmail.com', 'the', 'Drama', '2024-10-25 18:44:44'),
(24, 'aurongojeblishad@gmail.com', 'the', 'Classic Literature', '2024-10-25 18:44:44'),
(25, 'aurongojeblishad@gmail.com', 'the', 'Fantasy', '2024-10-25 18:44:44'),
(26, 'aurongojeblishad@gmail.com', 'the', 'Gothic', '2024-10-25 18:44:44'),
(27, 'aurongojeblishad@gmail.com', 'the', 'Epic Fantasy', '2024-10-25 18:44:44'),
(28, 'aurongojeblishad@gmail.com', 'the', 'Classic Fiction', '2024-10-25 18:44:44'),
(29, 'aurongojeblishad@gmail.com', 'the', 'Drama', '2024-10-25 18:44:44'),
(30, 'aurongojeblishad@gmail.com', 'the', 'Adventure', '2024-10-25 18:44:44'),
(31, 'aurongojeblishad@gmail.com', 'the', 'Classic', '2024-10-25 18:44:44'),
(32, 'aurongojeblishad@gmail.com', 'the', 'Romance', '2024-10-25 18:44:44'),
(33, 'aurongojeblishad@gmail.com', 'the', 'Philosophical Fiction', '2024-10-25 18:44:44'),
(34, 'aurongojeblishad@gmail.com', 'the', 'Gothic Fiction', '2024-10-25 18:44:44'),
(35, 'aurongojeblishad@gmail.com', 'the', 'Romance', '2024-10-25 18:44:44'),
(36, 'aurongojeblishad@gmail.com', 'the', 'Philosophical Fiction', '2024-10-25 18:44:44'),
(37, 'aurongojeblishad@gmail.com', 'the', 'Realism', '2024-10-25 18:44:44'),
(38, 'aurongojeblishad@gmail.com', 'the', 'Existentialism', '2024-10-25 18:44:44'),
(39, 'aurongojeblishad02@gmail.com', 'Fahrenheit', 'Dystopian', '2024-10-25 18:46:17'),
(40, 'aurongozeblishad@gmail.com', 'brothers', 'Philosophical Fiction', '2024-10-25 18:50:19'),
(41, 'aurongozeblishad@gmail.com', 'brothers', 'Philosophical Fiction', '2024-10-25 19:52:14'),
(42, 'aurongojeblishad02@gmail.com', 'the', 'Drama', '2024-10-29 06:46:03'),
(43, 'aurongojeblishad02@gmail.com', 'the', 'Classic Literature', '2024-10-29 06:46:03'),
(44, 'aurongojeblishad02@gmail.com', 'the', 'Fantasy', '2024-10-29 06:46:03'),
(45, 'aurongojeblishad02@gmail.com', 'the', 'Gothic', '2024-10-29 06:46:03'),
(46, 'aurongojeblishad02@gmail.com', 'the', 'Epic Fantasy', '2024-10-29 06:46:03'),
(47, 'aurongojeblishad02@gmail.com', 'the', 'Classic Fiction', '2024-10-29 06:46:03'),
(48, 'aurongojeblishad02@gmail.com', 'the', 'Drama', '2024-10-29 06:46:03'),
(49, 'aurongojeblishad02@gmail.com', 'the', 'Adventure', '2024-10-29 06:46:03'),
(50, 'aurongojeblishad02@gmail.com', 'the', 'Classic', '2024-10-29 06:46:03'),
(51, 'aurongojeblishad02@gmail.com', 'the', 'Romance', '2024-10-29 06:46:03'),
(52, 'aurongojeblishad02@gmail.com', 'the', 'Philosophical Fiction', '2024-10-29 06:46:03'),
(53, 'aurongojeblishad02@gmail.com', 'the', 'Gothic Fiction', '2024-10-29 06:46:03'),
(54, 'aurongojeblishad02@gmail.com', 'the', 'Romance', '2024-10-29 06:46:03'),
(55, 'aurongojeblishad02@gmail.com', 'the', 'Philosophical Fiction', '2024-10-29 06:46:03'),
(56, 'aurongojeblishad02@gmail.com', 'the', 'Realism', '2024-10-29 06:46:03'),
(57, 'aurongojeblishad02@gmail.com', 'the', 'Existentialism', '2024-10-29 06:46:03'),
(58, 'adnanarafat007@gmail.com', 'catcher', 'Classic Literature', '2024-10-29 09:17:00'),
(59, 'adnanarafat007@gmail.com', 'catcher', 'Classic Fiction', '2024-10-29 09:17:00'),
(60, 'adnanarafat007@gmail.com', '1984', 'Realism', '2024-10-29 09:17:34'),
(61, 'adnanarafat007@gmail.com', 'the', 'Drama', '2024-10-29 09:17:49'),
(62, 'adnanarafat007@gmail.com', 'the', 'Classic Literature', '2024-10-29 09:17:49'),
(63, 'adnanarafat007@gmail.com', 'the', 'Fantasy', '2024-10-29 09:17:49'),
(64, 'adnanarafat007@gmail.com', 'the', 'Gothic', '2024-10-29 09:17:49'),
(65, 'adnanarafat007@gmail.com', 'the', 'Epic Fantasy', '2024-10-29 09:17:49'),
(66, 'adnanarafat007@gmail.com', 'the', 'Classic Fiction', '2024-10-29 09:17:49'),
(67, 'adnanarafat007@gmail.com', 'the', 'Drama', '2024-10-29 09:17:49'),
(68, 'adnanarafat007@gmail.com', 'the', 'Adventure', '2024-10-29 09:17:49'),
(69, 'adnanarafat007@gmail.com', 'the', 'Classic', '2024-10-29 09:17:49'),
(70, 'adnanarafat007@gmail.com', 'the', 'Romance', '2024-10-29 09:17:49'),
(71, 'adnanarafat007@gmail.com', 'the', 'Philosophical Fiction', '2024-10-29 09:17:49'),
(72, 'adnanarafat007@gmail.com', 'the', 'Gothic Fiction', '2024-10-29 09:17:49'),
(73, 'adnanarafat007@gmail.com', 'the', 'Romance', '2024-10-29 09:17:49'),
(74, 'adnanarafat007@gmail.com', 'the', 'Philosophical Fiction', '2024-10-29 09:17:49'),
(75, 'adnanarafat007@gmail.com', 'the', 'Realism', '2024-10-29 09:17:49'),
(76, 'adnanarafat007@gmail.com', 'the', 'Existentialism', '2024-10-29 09:17:49'),
(77, 'adnanarafat007@gmail.com', 'the', 'Drama', '2024-10-29 09:18:06'),
(78, 'adnanarafat007@gmail.com', 'the', 'Classic Literature', '2024-10-29 09:18:06'),
(79, 'adnanarafat007@gmail.com', 'the', 'Fantasy', '2024-10-29 09:18:06'),
(80, 'adnanarafat007@gmail.com', 'the', 'Gothic', '2024-10-29 09:18:06'),
(81, 'adnanarafat007@gmail.com', 'the', 'Epic Fantasy', '2024-10-29 09:18:06'),
(82, 'adnanarafat007@gmail.com', 'the', 'Classic Fiction', '2024-10-29 09:18:06'),
(83, 'adnanarafat007@gmail.com', 'the', 'Drama', '2024-10-29 09:18:06'),
(84, 'adnanarafat007@gmail.com', 'the', 'Adventure', '2024-10-29 09:18:06'),
(85, 'adnanarafat007@gmail.com', 'the', 'Classic', '2024-10-29 09:18:06'),
(86, 'adnanarafat007@gmail.com', 'the', 'Romance', '2024-10-29 09:18:06'),
(87, 'adnanarafat007@gmail.com', 'the', 'Philosophical Fiction', '2024-10-29 09:18:06'),
(88, 'adnanarafat007@gmail.com', 'the', 'Gothic Fiction', '2024-10-29 09:18:06'),
(89, 'adnanarafat007@gmail.com', 'the', 'Romance', '2024-10-29 09:18:06'),
(90, 'adnanarafat007@gmail.com', 'the', 'Philosophical Fiction', '2024-10-29 09:18:06'),
(91, 'adnanarafat007@gmail.com', 'the', 'Realism', '2024-10-29 09:18:06'),
(92, 'adnanarafat007@gmail.com', 'the', 'Existentialism', '2024-10-29 09:18:06'),
(93, 'adnanarafat007@gmail.com', '333', 'Drama', '2024-10-29 09:18:55'),
(94, 'aurongojeblishad02@gmail.com', 'the', 'Drama', '2024-10-30 21:21:48'),
(95, 'aurongojeblishad02@gmail.com', 'the', 'Classic Literature', '2024-10-30 21:21:48'),
(96, 'aurongojeblishad02@gmail.com', 'the', 'Fantasy', '2024-10-30 21:21:48'),
(97, 'aurongojeblishad02@gmail.com', 'the', 'Gothic', '2024-10-30 21:21:48'),
(98, 'aurongojeblishad02@gmail.com', 'the', 'Epic Fantasy', '2024-10-30 21:21:48'),
(99, 'aurongojeblishad02@gmail.com', 'the', 'Classic Fiction', '2024-10-30 21:21:48'),
(100, 'aurongojeblishad02@gmail.com', 'the', 'Drama', '2024-10-30 21:21:48'),
(101, 'aurongojeblishad02@gmail.com', 'the', 'Adventure', '2024-10-30 21:21:48'),
(102, 'aurongojeblishad02@gmail.com', 'the', 'Classic', '2024-10-30 21:21:48'),
(103, 'aurongojeblishad02@gmail.com', 'the', 'Romance', '2024-10-30 21:21:48'),
(104, 'aurongojeblishad02@gmail.com', 'the', 'Philosophical Fiction', '2024-10-30 21:21:48'),
(105, 'aurongojeblishad02@gmail.com', 'the', 'Gothic Fiction', '2024-10-30 21:21:48'),
(106, 'aurongojeblishad02@gmail.com', 'the', 'Romance', '2024-10-30 21:21:48'),
(107, 'aurongojeblishad02@gmail.com', 'the', 'Philosophical Fiction', '2024-10-30 21:21:48'),
(108, 'aurongojeblishad02@gmail.com', 'the', 'Realism', '2024-10-30 21:21:48'),
(109, 'aurongojeblishad02@gmail.com', 'the', 'Existentialism', '2024-10-30 21:21:48'),
(110, 'aurongojeblishad02@gmail.com', 'the', 'Drama', '2024-10-30 21:25:55'),
(111, 'aurongojeblishad02@gmail.com', 'the', 'Classic Literature', '2024-10-30 21:25:55'),
(112, 'aurongojeblishad02@gmail.com', 'the', 'Fantasy', '2024-10-30 21:25:55'),
(113, 'aurongojeblishad02@gmail.com', 'the', 'Gothic', '2024-10-30 21:25:55'),
(114, 'aurongojeblishad02@gmail.com', 'the', 'Epic Fantasy', '2024-10-30 21:25:55'),
(115, 'aurongojeblishad02@gmail.com', 'the', 'Classic Fiction', '2024-10-30 21:25:55'),
(116, 'aurongojeblishad02@gmail.com', 'the', 'Drama', '2024-10-30 21:25:55'),
(117, 'aurongojeblishad02@gmail.com', 'the', 'Adventure', '2024-10-30 21:25:55'),
(118, 'aurongojeblishad02@gmail.com', 'the', 'Classic', '2024-10-30 21:25:55'),
(119, 'aurongojeblishad02@gmail.com', 'the', 'Romance', '2024-10-30 21:25:55'),
(120, 'aurongojeblishad02@gmail.com', 'the', 'Philosophical Fiction', '2024-10-30 21:25:55'),
(121, 'aurongojeblishad02@gmail.com', 'the', 'Gothic Fiction', '2024-10-30 21:25:55'),
(122, 'aurongojeblishad02@gmail.com', 'the', 'Romance', '2024-10-30 21:25:55'),
(123, 'aurongojeblishad02@gmail.com', 'the', 'Philosophical Fiction', '2024-10-30 21:25:55'),
(124, 'aurongojeblishad02@gmail.com', 'the', 'Realism', '2024-10-30 21:25:55'),
(125, 'aurongojeblishad02@gmail.com', 'the', 'Existentialism', '2024-10-30 21:25:55'),
(126, 'aurongojeblishad02@gmail.com', 'the', 'Drama', '2024-10-30 21:29:12'),
(127, 'aurongojeblishad02@gmail.com', 'the', 'Classic Literature', '2024-10-30 21:29:12'),
(128, 'aurongojeblishad02@gmail.com', 'the', 'Fantasy', '2024-10-30 21:29:12'),
(129, 'aurongojeblishad02@gmail.com', 'the', 'Gothic', '2024-10-30 21:29:12'),
(130, 'aurongojeblishad02@gmail.com', 'the', 'Epic Fantasy', '2024-10-30 21:29:12'),
(131, 'aurongojeblishad02@gmail.com', 'the', 'Classic Fiction', '2024-10-30 21:29:12'),
(132, 'aurongojeblishad02@gmail.com', 'the', 'Drama', '2024-10-30 21:29:12'),
(133, 'aurongojeblishad02@gmail.com', 'the', 'Adventure', '2024-10-30 21:29:12'),
(134, 'aurongojeblishad02@gmail.com', 'the', 'Classic', '2024-10-30 21:29:12'),
(135, 'aurongojeblishad02@gmail.com', 'the', 'Romance', '2024-10-30 21:29:12'),
(136, 'aurongojeblishad02@gmail.com', 'the', 'Philosophical Fiction', '2024-10-30 21:29:12'),
(137, 'aurongojeblishad02@gmail.com', 'the', 'Gothic Fiction', '2024-10-30 21:29:12'),
(138, 'aurongojeblishad02@gmail.com', 'the', 'Romance', '2024-10-30 21:29:12'),
(139, 'aurongojeblishad02@gmail.com', 'the', 'Philosophical Fiction', '2024-10-30 21:29:12'),
(140, 'aurongojeblishad02@gmail.com', 'the', 'Realism', '2024-10-30 21:29:12'),
(141, 'aurongojeblishad02@gmail.com', 'the', 'Existentialism', '2024-10-30 21:29:12'),
(142, 'aurongojeblishad02@gmail.com', 'the', 'Drama', '2024-10-30 21:38:22'),
(143, 'aurongojeblishad02@gmail.com', 'the', 'Classic Literature', '2024-10-30 21:38:22'),
(144, 'aurongojeblishad02@gmail.com', 'the', 'Fantasy', '2024-10-30 21:38:22'),
(145, 'aurongojeblishad02@gmail.com', 'the', 'Gothic', '2024-10-30 21:38:22'),
(146, 'aurongojeblishad02@gmail.com', 'the', 'Epic Fantasy', '2024-10-30 21:38:22'),
(147, 'aurongojeblishad02@gmail.com', 'the', 'Classic Fiction', '2024-10-30 21:38:22'),
(148, 'aurongojeblishad02@gmail.com', 'the', 'Drama', '2024-10-30 21:38:22'),
(149, 'aurongojeblishad02@gmail.com', 'the', 'Adventure', '2024-10-30 21:38:22'),
(150, 'aurongojeblishad02@gmail.com', 'the', 'Classic', '2024-10-30 21:38:22'),
(151, 'aurongojeblishad02@gmail.com', 'the', 'Romance', '2024-10-30 21:38:22'),
(152, 'aurongojeblishad02@gmail.com', 'the', 'Philosophical Fiction', '2024-10-30 21:38:22'),
(153, 'aurongojeblishad02@gmail.com', 'the', 'Gothic Fiction', '2024-10-30 21:38:22'),
(154, 'aurongojeblishad02@gmail.com', 'the', 'Romance', '2024-10-30 21:38:22'),
(155, 'aurongojeblishad02@gmail.com', 'the', 'Philosophical Fiction', '2024-10-30 21:38:22'),
(156, 'aurongojeblishad02@gmail.com', 'the', 'Realism', '2024-10-30 21:38:22'),
(157, 'aurongojeblishad02@gmail.com', 'the', 'Existentialism', '2024-10-30 21:38:22'),
(158, 'aurongojeblishad02@gmail.com', 'the', 'Drama', '2024-10-30 21:57:19'),
(159, 'aurongojeblishad02@gmail.com', 'the', 'Classic Literature', '2024-10-30 21:57:19'),
(160, 'aurongojeblishad02@gmail.com', 'the', 'Fantasy', '2024-10-30 21:57:19'),
(161, 'aurongojeblishad02@gmail.com', 'the', 'Gothic', '2024-10-30 21:57:19'),
(162, 'aurongojeblishad02@gmail.com', 'the', 'Epic Fantasy', '2024-10-30 21:57:19'),
(163, 'aurongojeblishad02@gmail.com', 'the', 'Classic Fiction', '2024-10-30 21:57:19'),
(164, 'aurongojeblishad02@gmail.com', 'the', 'Drama', '2024-10-30 21:57:19'),
(165, 'aurongojeblishad02@gmail.com', 'the', 'Adventure', '2024-10-30 21:57:19'),
(166, 'aurongojeblishad02@gmail.com', 'the', 'Classic', '2024-10-30 21:57:19'),
(167, 'aurongojeblishad02@gmail.com', 'the', 'Romance', '2024-10-30 21:57:19'),
(168, 'aurongojeblishad02@gmail.com', 'the', 'Philosophical Fiction', '2024-10-30 21:57:19'),
(169, 'aurongojeblishad02@gmail.com', 'the', 'Gothic Fiction', '2024-10-30 21:57:19'),
(170, 'aurongojeblishad02@gmail.com', 'the', 'Romance', '2024-10-30 21:57:19'),
(171, 'aurongojeblishad02@gmail.com', 'the', 'Philosophical Fiction', '2024-10-30 21:57:19'),
(172, 'aurongojeblishad02@gmail.com', 'the', 'Realism', '2024-10-30 21:57:19'),
(173, 'aurongojeblishad02@gmail.com', 'the', 'Existentialism', '2024-10-30 21:57:19'),
(174, 'aurongojeblishad02@gmail.com', 'the', 'Drama', '2024-10-30 21:59:42'),
(175, 'aurongojeblishad02@gmail.com', 'the', 'Classic Literature', '2024-10-30 21:59:42'),
(176, 'aurongojeblishad02@gmail.com', 'the', 'Fantasy', '2024-10-30 21:59:42'),
(177, 'aurongojeblishad02@gmail.com', 'the', 'Gothic', '2024-10-30 21:59:42'),
(178, 'aurongojeblishad02@gmail.com', 'the', 'Epic Fantasy', '2024-10-30 21:59:42'),
(179, 'aurongojeblishad02@gmail.com', 'the', 'Classic Fiction', '2024-10-30 21:59:42'),
(180, 'aurongojeblishad02@gmail.com', 'the', 'Drama', '2024-10-30 21:59:42'),
(181, 'aurongojeblishad02@gmail.com', 'the', 'Adventure', '2024-10-30 21:59:42'),
(182, 'aurongojeblishad02@gmail.com', 'the', 'Classic', '2024-10-30 21:59:42'),
(183, 'aurongojeblishad02@gmail.com', 'the', 'Romance', '2024-10-30 21:59:42'),
(184, 'aurongojeblishad02@gmail.com', 'the', 'Philosophical Fiction', '2024-10-30 21:59:42'),
(185, 'aurongojeblishad02@gmail.com', 'the', 'Gothic Fiction', '2024-10-30 21:59:42'),
(186, 'aurongojeblishad02@gmail.com', 'the', 'Romance', '2024-10-30 21:59:42'),
(187, 'aurongojeblishad02@gmail.com', 'the', 'Philosophical Fiction', '2024-10-30 21:59:42'),
(188, 'aurongojeblishad02@gmail.com', 'the', 'Realism', '2024-10-30 21:59:42'),
(189, 'aurongojeblishad02@gmail.com', 'the', 'Existentialism', '2024-10-30 21:59:42'),
(190, 'aurongojeblishad02@gmail.com', 'the', 'Drama', '2024-10-30 22:06:01'),
(191, 'aurongojeblishad02@gmail.com', 'the', 'Classic Literature', '2024-10-30 22:06:01'),
(192, 'aurongojeblishad02@gmail.com', 'the', 'Fantasy', '2024-10-30 22:06:01'),
(193, 'aurongojeblishad02@gmail.com', 'the', 'Gothic', '2024-10-30 22:06:01'),
(194, 'aurongojeblishad02@gmail.com', 'the', 'Epic Fantasy', '2024-10-30 22:06:01'),
(195, 'aurongojeblishad02@gmail.com', 'the', 'Classic Fiction', '2024-10-30 22:06:01'),
(196, 'aurongojeblishad02@gmail.com', 'the', 'Drama', '2024-10-30 22:06:01'),
(197, 'aurongojeblishad02@gmail.com', 'the', 'Adventure', '2024-10-30 22:06:01'),
(198, 'aurongojeblishad02@gmail.com', 'the', 'Classic', '2024-10-30 22:06:01'),
(199, 'aurongojeblishad02@gmail.com', 'the', 'Romance', '2024-10-30 22:06:01'),
(200, 'aurongojeblishad02@gmail.com', 'the', 'Philosophical Fiction', '2024-10-30 22:06:01'),
(201, 'aurongojeblishad02@gmail.com', 'the', 'Gothic Fiction', '2024-10-30 22:06:01'),
(202, 'aurongojeblishad02@gmail.com', 'the', 'Romance', '2024-10-30 22:06:01'),
(203, 'aurongojeblishad02@gmail.com', 'the', 'Philosophical Fiction', '2024-10-30 22:06:01'),
(204, 'aurongojeblishad02@gmail.com', 'the', 'Realism', '2024-10-30 22:06:01'),
(205, 'aurongojeblishad02@gmail.com', 'the', 'Existentialism', '2024-10-30 22:06:01'),
(206, 'aurongojeblishad02@gmail.com', 'the', 'Drama', '2024-10-30 22:06:19'),
(207, 'aurongojeblishad02@gmail.com', 'the', 'Classic Literature', '2024-10-30 22:06:19'),
(208, 'aurongojeblishad02@gmail.com', 'the', 'Fantasy', '2024-10-30 22:06:19'),
(209, 'aurongojeblishad02@gmail.com', 'the', 'Gothic', '2024-10-30 22:06:19'),
(210, 'aurongojeblishad02@gmail.com', 'the', 'Epic Fantasy', '2024-10-30 22:06:19'),
(211, 'aurongojeblishad02@gmail.com', 'the', 'Classic Fiction', '2024-10-30 22:06:19'),
(212, 'aurongojeblishad02@gmail.com', 'the', 'Drama', '2024-10-30 22:06:19'),
(213, 'aurongojeblishad02@gmail.com', 'the', 'Adventure', '2024-10-30 22:06:19'),
(214, 'aurongojeblishad02@gmail.com', 'the', 'Classic', '2024-10-30 22:06:19'),
(215, 'aurongojeblishad02@gmail.com', 'the', 'Romance', '2024-10-30 22:06:19'),
(216, 'aurongojeblishad02@gmail.com', 'the', 'Philosophical Fiction', '2024-10-30 22:06:19'),
(217, 'aurongojeblishad02@gmail.com', 'the', 'Gothic Fiction', '2024-10-30 22:06:19'),
(218, 'aurongojeblishad02@gmail.com', 'the', 'Romance', '2024-10-30 22:06:19'),
(219, 'aurongojeblishad02@gmail.com', 'the', 'Philosophical Fiction', '2024-10-30 22:06:19'),
(220, 'aurongojeblishad02@gmail.com', 'the', 'Realism', '2024-10-30 22:06:19'),
(221, 'aurongojeblishad02@gmail.com', 'the', 'Existentialism', '2024-10-30 22:06:19'),
(222, 'aurongojeblishad02@gmail.com', 'the', 'Drama', '2024-10-30 22:07:18'),
(223, 'aurongojeblishad02@gmail.com', 'the', 'Classic Literature', '2024-10-30 22:07:18'),
(224, 'aurongojeblishad02@gmail.com', 'the', 'Fantasy', '2024-10-30 22:07:18'),
(225, 'aurongojeblishad02@gmail.com', 'the', 'Gothic', '2024-10-30 22:07:18'),
(226, 'aurongojeblishad02@gmail.com', 'the', 'Epic Fantasy', '2024-10-30 22:07:18'),
(227, 'aurongojeblishad02@gmail.com', 'the', 'Classic Fiction', '2024-10-30 22:07:18'),
(228, 'aurongojeblishad02@gmail.com', 'the', 'Drama', '2024-10-30 22:07:18'),
(229, 'aurongojeblishad02@gmail.com', 'the', 'Adventure', '2024-10-30 22:07:18'),
(230, 'aurongojeblishad02@gmail.com', 'the', 'Classic', '2024-10-30 22:07:18'),
(231, 'aurongojeblishad02@gmail.com', 'the', 'Romance', '2024-10-30 22:07:18'),
(232, 'aurongojeblishad02@gmail.com', 'the', 'Philosophical Fiction', '2024-10-30 22:07:18'),
(233, 'aurongojeblishad02@gmail.com', 'the', 'Gothic Fiction', '2024-10-30 22:07:18'),
(234, 'aurongojeblishad02@gmail.com', 'the', 'Romance', '2024-10-30 22:07:18'),
(235, 'aurongojeblishad02@gmail.com', 'the', 'Philosophical Fiction', '2024-10-30 22:07:18'),
(236, 'aurongojeblishad02@gmail.com', 'the', 'Realism', '2024-10-30 22:07:18'),
(237, 'aurongojeblishad02@gmail.com', 'the', 'Existentialism', '2024-10-30 22:07:18'),
(238, 'aurongojeblishad02@gmail.com', 'the', 'Drama', '2024-10-30 22:09:49'),
(239, 'aurongojeblishad02@gmail.com', 'the', 'Classic Literature', '2024-10-30 22:09:49'),
(240, 'aurongojeblishad02@gmail.com', 'the', 'Fantasy', '2024-10-30 22:09:49'),
(241, 'aurongojeblishad02@gmail.com', 'the', 'Gothic', '2024-10-30 22:09:49'),
(242, 'aurongojeblishad02@gmail.com', 'the', 'Epic Fantasy', '2024-10-30 22:09:49'),
(243, 'aurongojeblishad02@gmail.com', 'the', 'Classic Fiction', '2024-10-30 22:09:49'),
(244, 'aurongojeblishad02@gmail.com', 'the', 'Drama', '2024-10-30 22:09:49'),
(245, 'aurongojeblishad02@gmail.com', 'the', 'Adventure', '2024-10-30 22:09:49'),
(246, 'aurongojeblishad02@gmail.com', 'the', 'Classic', '2024-10-30 22:09:49'),
(247, 'aurongojeblishad02@gmail.com', 'the', 'Romance', '2024-10-30 22:09:49'),
(248, 'aurongojeblishad02@gmail.com', 'the', 'Philosophical Fiction', '2024-10-30 22:09:49'),
(249, 'aurongojeblishad02@gmail.com', 'the', 'Gothic Fiction', '2024-10-30 22:09:49'),
(250, 'aurongojeblishad02@gmail.com', 'the', 'Romance', '2024-10-30 22:09:49'),
(251, 'aurongojeblishad02@gmail.com', 'the', 'Philosophical Fiction', '2024-10-30 22:09:49'),
(252, 'aurongojeblishad02@gmail.com', 'the', 'Realism', '2024-10-30 22:09:49'),
(253, 'aurongojeblishad02@gmail.com', 'the', 'Existentialism', '2024-10-30 22:09:49'),
(254, 'aurongojeblishad02@gmail.com', 'the', 'Drama', '2024-10-30 22:10:02'),
(255, 'aurongojeblishad02@gmail.com', 'the', 'Classic Literature', '2024-10-30 22:10:02'),
(256, 'aurongojeblishad02@gmail.com', 'the', 'Fantasy', '2024-10-30 22:10:02'),
(257, 'aurongojeblishad02@gmail.com', 'the', 'Gothic', '2024-10-30 22:10:02'),
(258, 'aurongojeblishad02@gmail.com', 'the', 'Epic Fantasy', '2024-10-30 22:10:02'),
(259, 'aurongojeblishad02@gmail.com', 'the', 'Classic Fiction', '2024-10-30 22:10:02'),
(260, 'aurongojeblishad02@gmail.com', 'the', 'Drama', '2024-10-30 22:10:02'),
(261, 'aurongojeblishad02@gmail.com', 'the', 'Adventure', '2024-10-30 22:10:02'),
(262, 'aurongojeblishad02@gmail.com', 'the', 'Classic', '2024-10-30 22:10:02'),
(263, 'aurongojeblishad02@gmail.com', 'the', 'Romance', '2024-10-30 22:10:02'),
(264, 'aurongojeblishad02@gmail.com', 'the', 'Philosophical Fiction', '2024-10-30 22:10:02'),
(265, 'aurongojeblishad02@gmail.com', 'the', 'Gothic Fiction', '2024-10-30 22:10:02'),
(266, 'aurongojeblishad02@gmail.com', 'the', 'Romance', '2024-10-30 22:10:02'),
(267, 'aurongojeblishad02@gmail.com', 'the', 'Philosophical Fiction', '2024-10-30 22:10:02'),
(268, 'aurongojeblishad02@gmail.com', 'the', 'Realism', '2024-10-30 22:10:02'),
(269, 'aurongojeblishad02@gmail.com', 'the', 'Existentialism', '2024-10-30 22:10:02'),
(270, 'aurongojeblishad02@gmail.com', 'the', 'Drama', '2024-10-30 22:10:34'),
(271, 'aurongojeblishad02@gmail.com', 'the', 'Classic Literature', '2024-10-30 22:10:34'),
(272, 'aurongojeblishad02@gmail.com', 'the', 'Fantasy', '2024-10-30 22:10:34'),
(273, 'aurongojeblishad02@gmail.com', 'the', 'Gothic', '2024-10-30 22:10:34'),
(274, 'aurongojeblishad02@gmail.com', 'the', 'Epic Fantasy', '2024-10-30 22:10:34'),
(275, 'aurongojeblishad02@gmail.com', 'the', 'Classic Fiction', '2024-10-30 22:10:34'),
(276, 'aurongojeblishad02@gmail.com', 'the', 'Drama', '2024-10-30 22:10:34'),
(277, 'aurongojeblishad02@gmail.com', 'the', 'Adventure', '2024-10-30 22:10:34'),
(278, 'aurongojeblishad02@gmail.com', 'the', 'Classic', '2024-10-30 22:10:34'),
(279, 'aurongojeblishad02@gmail.com', 'the', 'Romance', '2024-10-30 22:10:34'),
(280, 'aurongojeblishad02@gmail.com', 'the', 'Philosophical Fiction', '2024-10-30 22:10:34'),
(281, 'aurongojeblishad02@gmail.com', 'the', 'Gothic Fiction', '2024-10-30 22:10:34'),
(282, 'aurongojeblishad02@gmail.com', 'the', 'Romance', '2024-10-30 22:10:34'),
(283, 'aurongojeblishad02@gmail.com', 'the', 'Philosophical Fiction', '2024-10-30 22:10:34'),
(284, 'aurongojeblishad02@gmail.com', 'the', 'Realism', '2024-10-30 22:10:34'),
(285, 'aurongojeblishad02@gmail.com', 'the', 'Existentialism', '2024-10-30 22:10:34'),
(286, 'aurongojeblishad02@gmail.com', 'the', 'Drama', '2024-10-30 22:12:38'),
(287, 'aurongojeblishad02@gmail.com', 'the', 'Classic Literature', '2024-10-30 22:12:38'),
(288, 'aurongojeblishad02@gmail.com', 'the', 'Fantasy', '2024-10-30 22:12:38'),
(289, 'aurongojeblishad02@gmail.com', 'the', 'Gothic', '2024-10-30 22:12:38'),
(290, 'aurongojeblishad02@gmail.com', 'the', 'Epic Fantasy', '2024-10-30 22:12:38'),
(291, 'aurongojeblishad02@gmail.com', 'the', 'Classic Fiction', '2024-10-30 22:12:38'),
(292, 'aurongojeblishad02@gmail.com', 'the', 'Drama', '2024-10-30 22:12:38'),
(293, 'aurongojeblishad02@gmail.com', 'the', 'Adventure', '2024-10-30 22:12:38'),
(294, 'aurongojeblishad02@gmail.com', 'the', 'Classic', '2024-10-30 22:12:38'),
(295, 'aurongojeblishad02@gmail.com', 'the', 'Romance', '2024-10-30 22:12:38'),
(296, 'aurongojeblishad02@gmail.com', 'the', 'Philosophical Fiction', '2024-10-30 22:12:38'),
(297, 'aurongojeblishad02@gmail.com', 'the', 'Gothic Fiction', '2024-10-30 22:12:38'),
(298, 'aurongojeblishad02@gmail.com', 'the', 'Romance', '2024-10-30 22:12:38'),
(299, 'aurongojeblishad02@gmail.com', 'the', 'Philosophical Fiction', '2024-10-30 22:12:38'),
(300, 'aurongojeblishad02@gmail.com', 'the', 'Realism', '2024-10-30 22:12:38'),
(301, 'aurongojeblishad02@gmail.com', 'the', 'Existentialism', '2024-10-30 22:12:38'),
(302, 'aurongojeblishad02@gmail.com', 'the', 'Drama', '2024-10-30 22:14:51'),
(303, 'aurongojeblishad02@gmail.com', 'the', 'Classic Literature', '2024-10-30 22:14:51'),
(304, 'aurongojeblishad02@gmail.com', 'the', 'Fantasy', '2024-10-30 22:14:51'),
(305, 'aurongojeblishad02@gmail.com', 'the', 'Gothic', '2024-10-30 22:14:51'),
(306, 'aurongojeblishad02@gmail.com', 'the', 'Epic Fantasy', '2024-10-30 22:14:51'),
(307, 'aurongojeblishad02@gmail.com', 'the', 'Classic Fiction', '2024-10-30 22:14:51'),
(308, 'aurongojeblishad02@gmail.com', 'the', 'Drama', '2024-10-30 22:14:51'),
(309, 'aurongojeblishad02@gmail.com', 'the', 'Adventure', '2024-10-30 22:14:51'),
(310, 'aurongojeblishad02@gmail.com', 'the', 'Classic', '2024-10-30 22:14:51'),
(311, 'aurongojeblishad02@gmail.com', 'the', 'Romance', '2024-10-30 22:14:51'),
(312, 'aurongojeblishad02@gmail.com', 'the', 'Philosophical Fiction', '2024-10-30 22:14:51'),
(313, 'aurongojeblishad02@gmail.com', 'the', 'Gothic Fiction', '2024-10-30 22:14:51'),
(314, 'aurongojeblishad02@gmail.com', 'the', 'Romance', '2024-10-30 22:14:51'),
(315, 'aurongojeblishad02@gmail.com', 'the', 'Philosophical Fiction', '2024-10-30 22:14:51'),
(316, 'aurongojeblishad02@gmail.com', 'the', 'Realism', '2024-10-30 22:14:51'),
(317, 'aurongojeblishad02@gmail.com', 'the', 'Existentialism', '2024-10-30 22:14:51'),
(318, 'aurongojeblishad02@gmail.com', 'the', 'Drama', '2024-10-30 22:21:10'),
(319, 'aurongojeblishad02@gmail.com', 'the', 'Classic Literature', '2024-10-30 22:21:10'),
(320, 'aurongojeblishad02@gmail.com', 'the', 'Fantasy', '2024-10-30 22:21:10'),
(321, 'aurongojeblishad02@gmail.com', 'the', 'Gothic', '2024-10-30 22:21:10'),
(322, 'aurongojeblishad02@gmail.com', 'the', 'Epic Fantasy', '2024-10-30 22:21:10'),
(323, 'aurongojeblishad02@gmail.com', 'the', 'Classic Fiction', '2024-10-30 22:21:10'),
(324, 'aurongojeblishad02@gmail.com', 'the', 'Drama', '2024-10-30 22:21:10'),
(325, 'aurongojeblishad02@gmail.com', 'the', 'Adventure', '2024-10-30 22:21:10'),
(326, 'aurongojeblishad02@gmail.com', 'the', 'Classic', '2024-10-30 22:21:10'),
(327, 'aurongojeblishad02@gmail.com', 'the', 'Romance', '2024-10-30 22:21:10'),
(328, 'aurongojeblishad02@gmail.com', 'the', 'Philosophical Fiction', '2024-10-30 22:21:10'),
(329, 'aurongojeblishad02@gmail.com', 'the', 'Gothic Fiction', '2024-10-30 22:21:10'),
(330, 'aurongojeblishad02@gmail.com', 'the', 'Romance', '2024-10-30 22:21:10'),
(331, 'aurongojeblishad02@gmail.com', 'the', 'Philosophical Fiction', '2024-10-30 22:21:10'),
(332, 'aurongojeblishad02@gmail.com', 'the', 'Realism', '2024-10-30 22:21:10'),
(333, 'aurongojeblishad02@gmail.com', 'the', 'Existentialism', '2024-10-30 22:21:10'),
(334, 'aurongojeblishad02@gmail.com', 'the', 'Drama', '2024-10-30 22:22:21'),
(335, 'aurongojeblishad02@gmail.com', 'the', 'Classic Literature', '2024-10-30 22:22:21'),
(336, 'aurongojeblishad02@gmail.com', 'the', 'Fantasy', '2024-10-30 22:22:21'),
(337, 'aurongojeblishad02@gmail.com', 'the', 'Gothic', '2024-10-30 22:22:21'),
(338, 'aurongojeblishad02@gmail.com', 'the', 'Epic Fantasy', '2024-10-30 22:22:21'),
(339, 'aurongojeblishad02@gmail.com', 'the', 'Classic Fiction', '2024-10-30 22:22:21'),
(340, 'aurongojeblishad02@gmail.com', 'the', 'Drama', '2024-10-30 22:22:21'),
(341, 'aurongojeblishad02@gmail.com', 'the', 'Adventure', '2024-10-30 22:22:21'),
(342, 'aurongojeblishad02@gmail.com', 'the', 'Classic', '2024-10-30 22:22:21'),
(343, 'aurongojeblishad02@gmail.com', 'the', 'Romance', '2024-10-30 22:22:21'),
(344, 'aurongojeblishad02@gmail.com', 'the', 'Philosophical Fiction', '2024-10-30 22:22:21'),
(345, 'aurongojeblishad02@gmail.com', 'the', 'Gothic Fiction', '2024-10-30 22:22:21'),
(346, 'aurongojeblishad02@gmail.com', 'the', 'Romance', '2024-10-30 22:22:21'),
(347, 'aurongojeblishad02@gmail.com', 'the', 'Philosophical Fiction', '2024-10-30 22:22:21'),
(348, 'aurongojeblishad02@gmail.com', 'the', 'Realism', '2024-10-30 22:22:21'),
(349, 'aurongojeblishad02@gmail.com', 'the', 'Existentialism', '2024-10-30 22:22:21'),
(350, 'aurongojeblishad02@gmail.com', 'the', 'Drama', '2024-10-30 22:23:48'),
(351, 'aurongojeblishad02@gmail.com', 'the', 'Classic Literature', '2024-10-30 22:23:48'),
(352, 'aurongojeblishad02@gmail.com', 'the', 'Fantasy', '2024-10-30 22:23:48'),
(353, 'aurongojeblishad02@gmail.com', 'the', 'Gothic', '2024-10-30 22:23:48'),
(354, 'aurongojeblishad02@gmail.com', 'the', 'Epic Fantasy', '2024-10-30 22:23:48'),
(355, 'aurongojeblishad02@gmail.com', 'the', 'Classic Fiction', '2024-10-30 22:23:48'),
(356, 'aurongojeblishad02@gmail.com', 'the', 'Drama', '2024-10-30 22:23:48'),
(357, 'aurongojeblishad02@gmail.com', 'the', 'Adventure', '2024-10-30 22:23:48'),
(358, 'aurongojeblishad02@gmail.com', 'the', 'Classic', '2024-10-30 22:23:48'),
(359, 'aurongojeblishad02@gmail.com', 'the', 'Romance', '2024-10-30 22:23:48'),
(360, 'aurongojeblishad02@gmail.com', 'the', 'Philosophical Fiction', '2024-10-30 22:23:48'),
(361, 'aurongojeblishad02@gmail.com', 'the', 'Gothic Fiction', '2024-10-30 22:23:48'),
(362, 'aurongojeblishad02@gmail.com', 'the', 'Romance', '2024-10-30 22:23:48'),
(363, 'aurongojeblishad02@gmail.com', 'the', 'Philosophical Fiction', '2024-10-30 22:23:48'),
(364, 'aurongojeblishad02@gmail.com', 'the', 'Realism', '2024-10-30 22:23:49'),
(365, 'aurongojeblishad02@gmail.com', 'the', 'Existentialism', '2024-10-30 22:23:49'),
(366, 'aurongojeblishad02@gmail.com', 'the', 'Drama', '2024-10-30 22:24:11'),
(367, 'aurongojeblishad02@gmail.com', 'the', 'Classic Literature', '2024-10-30 22:24:11'),
(368, 'aurongojeblishad02@gmail.com', 'the', 'Fantasy', '2024-10-30 22:24:11'),
(369, 'aurongojeblishad02@gmail.com', 'the', 'Gothic', '2024-10-30 22:24:11'),
(370, 'aurongojeblishad02@gmail.com', 'the', 'Epic Fantasy', '2024-10-30 22:24:11'),
(371, 'aurongojeblishad02@gmail.com', 'the', 'Classic Fiction', '2024-10-30 22:24:11'),
(372, 'aurongojeblishad02@gmail.com', 'the', 'Drama', '2024-10-30 22:24:11'),
(373, 'aurongojeblishad02@gmail.com', 'the', 'Adventure', '2024-10-30 22:24:11'),
(374, 'aurongojeblishad02@gmail.com', 'the', 'Classic', '2024-10-30 22:24:11'),
(375, 'aurongojeblishad02@gmail.com', 'the', 'Romance', '2024-10-30 22:24:11'),
(376, 'aurongojeblishad02@gmail.com', 'the', 'Philosophical Fiction', '2024-10-30 22:24:11'),
(377, 'aurongojeblishad02@gmail.com', 'the', 'Gothic Fiction', '2024-10-30 22:24:11'),
(378, 'aurongojeblishad02@gmail.com', 'the', 'Romance', '2024-10-30 22:24:11'),
(379, 'aurongojeblishad02@gmail.com', 'the', 'Philosophical Fiction', '2024-10-30 22:24:11'),
(380, 'aurongojeblishad02@gmail.com', 'the', 'Realism', '2024-10-30 22:24:11'),
(381, 'aurongojeblishad02@gmail.com', 'the', 'Existentialism', '2024-10-30 22:24:11'),
(382, 'aurongojeblishad02@gmail.com', 'the', 'Drama', '2024-10-30 22:25:36'),
(383, 'aurongojeblishad02@gmail.com', 'the', 'Classic Literature', '2024-10-30 22:25:36'),
(384, 'aurongojeblishad02@gmail.com', 'the', 'Fantasy', '2024-10-30 22:25:36'),
(385, 'aurongojeblishad02@gmail.com', 'the', 'Gothic', '2024-10-30 22:25:36'),
(386, 'aurongojeblishad02@gmail.com', 'the', 'Epic Fantasy', '2024-10-30 22:25:36'),
(387, 'aurongojeblishad02@gmail.com', 'the', 'Classic Fiction', '2024-10-30 22:25:36'),
(388, 'aurongojeblishad02@gmail.com', 'the', 'Drama', '2024-10-30 22:25:36'),
(389, 'aurongojeblishad02@gmail.com', 'the', 'Adventure', '2024-10-30 22:25:36'),
(390, 'aurongojeblishad02@gmail.com', 'the', 'Classic', '2024-10-30 22:25:36'),
(391, 'aurongojeblishad02@gmail.com', 'the', 'Romance', '2024-10-30 22:25:36'),
(392, 'aurongojeblishad02@gmail.com', 'the', 'Philosophical Fiction', '2024-10-30 22:25:36'),
(393, 'aurongojeblishad02@gmail.com', 'the', 'Gothic Fiction', '2024-10-30 22:25:36'),
(394, 'aurongojeblishad02@gmail.com', 'the', 'Romance', '2024-10-30 22:25:36'),
(395, 'aurongojeblishad02@gmail.com', 'the', 'Philosophical Fiction', '2024-10-30 22:25:36'),
(396, 'aurongojeblishad02@gmail.com', 'the', 'Realism', '2024-10-30 22:25:36'),
(397, 'aurongojeblishad02@gmail.com', 'the', 'Existentialism', '2024-10-30 22:25:36'),
(398, 'aurongojeblishad02@gmail.com', 'the', 'Drama', '2024-10-30 22:35:11'),
(399, 'aurongojeblishad02@gmail.com', 'the', 'Classic Literature', '2024-10-30 22:35:11'),
(400, 'aurongojeblishad02@gmail.com', 'the', 'Fantasy', '2024-10-30 22:35:11'),
(401, 'aurongojeblishad02@gmail.com', 'the', 'Gothic', '2024-10-30 22:35:11'),
(402, 'aurongojeblishad02@gmail.com', 'the', 'Epic Fantasy', '2024-10-30 22:35:11'),
(403, 'aurongojeblishad02@gmail.com', 'the', 'Classic Fiction', '2024-10-30 22:35:11'),
(404, 'aurongojeblishad02@gmail.com', 'the', 'Drama', '2024-10-30 22:35:11'),
(405, 'aurongojeblishad02@gmail.com', 'the', 'Adventure', '2024-10-30 22:35:11'),
(406, 'aurongojeblishad02@gmail.com', 'the', 'Classic', '2024-10-30 22:35:11'),
(407, 'aurongojeblishad02@gmail.com', 'the', 'Romance', '2024-10-30 22:35:11'),
(408, 'aurongojeblishad02@gmail.com', 'the', 'Philosophical Fiction', '2024-10-30 22:35:11'),
(409, 'aurongojeblishad02@gmail.com', 'the', 'Gothic Fiction', '2024-10-30 22:35:11'),
(410, 'aurongojeblishad02@gmail.com', 'the', 'Romance', '2024-10-30 22:35:11'),
(411, 'aurongojeblishad02@gmail.com', 'the', 'Philosophical Fiction', '2024-10-30 22:35:11'),
(412, 'aurongojeblishad02@gmail.com', 'the', 'Realism', '2024-10-30 22:35:11'),
(413, 'aurongojeblishad02@gmail.com', 'the', 'Existentialism', '2024-10-30 22:35:11'),
(414, 'aurongojeblishad02@gmail.com', 'the', 'Drama', '2024-10-30 22:37:55'),
(415, 'aurongojeblishad02@gmail.com', 'the', 'Classic Literature', '2024-10-30 22:37:55'),
(416, 'aurongojeblishad02@gmail.com', 'the', 'Fantasy', '2024-10-30 22:37:55'),
(417, 'aurongojeblishad02@gmail.com', 'the', 'Gothic', '2024-10-30 22:37:55'),
(418, 'aurongojeblishad02@gmail.com', 'the', 'Epic Fantasy', '2024-10-30 22:37:55'),
(419, 'aurongojeblishad02@gmail.com', 'the', 'Classic Fiction', '2024-10-30 22:37:55'),
(420, 'aurongojeblishad02@gmail.com', 'the', 'Drama', '2024-10-30 22:37:55'),
(421, 'aurongojeblishad02@gmail.com', 'the', 'Adventure', '2024-10-30 22:37:55'),
(422, 'aurongojeblishad02@gmail.com', 'the', 'Classic', '2024-10-30 22:37:55'),
(423, 'aurongojeblishad02@gmail.com', 'the', 'Romance', '2024-10-30 22:37:55'),
(424, 'aurongojeblishad02@gmail.com', 'the', 'Philosophical Fiction', '2024-10-30 22:37:55'),
(425, 'aurongojeblishad02@gmail.com', 'the', 'Gothic Fiction', '2024-10-30 22:37:55'),
(426, 'aurongojeblishad02@gmail.com', 'the', 'Romance', '2024-10-30 22:37:55'),
(427, 'aurongojeblishad02@gmail.com', 'the', 'Philosophical Fiction', '2024-10-30 22:37:55'),
(428, 'aurongojeblishad02@gmail.com', 'the', 'Realism', '2024-10-30 22:37:55'),
(429, 'aurongojeblishad02@gmail.com', 'the', 'Existentialism', '2024-10-30 22:37:55'),
(430, 'aurongojeblishad02@gmail.com', 'the', 'Drama', '2024-10-30 22:42:09'),
(431, 'aurongojeblishad02@gmail.com', 'the', 'Classic Literature', '2024-10-30 22:42:09'),
(432, 'aurongojeblishad02@gmail.com', 'the', 'Fantasy', '2024-10-30 22:42:09'),
(433, 'aurongojeblishad02@gmail.com', 'the', 'Gothic', '2024-10-30 22:42:09'),
(434, 'aurongojeblishad02@gmail.com', 'the', 'Epic Fantasy', '2024-10-30 22:42:09'),
(435, 'aurongojeblishad02@gmail.com', 'the', 'Classic Fiction', '2024-10-30 22:42:09'),
(436, 'aurongojeblishad02@gmail.com', 'the', 'Drama', '2024-10-30 22:42:09'),
(437, 'aurongojeblishad02@gmail.com', 'the', 'Adventure', '2024-10-30 22:42:09'),
(438, 'aurongojeblishad02@gmail.com', 'the', 'Classic', '2024-10-30 22:42:09'),
(439, 'aurongojeblishad02@gmail.com', 'the', 'Romance', '2024-10-30 22:42:09'),
(440, 'aurongojeblishad02@gmail.com', 'the', 'Philosophical Fiction', '2024-10-30 22:42:09'),
(441, 'aurongojeblishad02@gmail.com', 'the', 'Gothic Fiction', '2024-10-30 22:42:09'),
(442, 'aurongojeblishad02@gmail.com', 'the', 'Romance', '2024-10-30 22:42:09'),
(443, 'aurongojeblishad02@gmail.com', 'the', 'Philosophical Fiction', '2024-10-30 22:42:09'),
(444, 'aurongojeblishad02@gmail.com', 'the', 'Realism', '2024-10-30 22:42:09'),
(445, 'aurongojeblishad02@gmail.com', 'the', 'Existentialism', '2024-10-30 22:42:09'),
(446, 'aurongojeblishad02@gmail.com', 'the', 'Drama', '2024-10-30 22:42:26'),
(447, 'aurongojeblishad02@gmail.com', 'the', 'Classic Literature', '2024-10-30 22:42:26'),
(448, 'aurongojeblishad02@gmail.com', 'the', 'Fantasy', '2024-10-30 22:42:26'),
(449, 'aurongojeblishad02@gmail.com', 'the', 'Gothic', '2024-10-30 22:42:26'),
(450, 'aurongojeblishad02@gmail.com', 'the', 'Epic Fantasy', '2024-10-30 22:42:26'),
(451, 'aurongojeblishad02@gmail.com', 'the', 'Classic Fiction', '2024-10-30 22:42:26'),
(452, 'aurongojeblishad02@gmail.com', 'the', 'Drama', '2024-10-30 22:42:26'),
(453, 'aurongojeblishad02@gmail.com', 'the', 'Adventure', '2024-10-30 22:42:26'),
(454, 'aurongojeblishad02@gmail.com', 'the', 'Classic', '2024-10-30 22:42:26'),
(455, 'aurongojeblishad02@gmail.com', 'the', 'Romance', '2024-10-30 22:42:26'),
(456, 'aurongojeblishad02@gmail.com', 'the', 'Philosophical Fiction', '2024-10-30 22:42:26'),
(457, 'aurongojeblishad02@gmail.com', 'the', 'Gothic Fiction', '2024-10-30 22:42:26'),
(458, 'aurongojeblishad02@gmail.com', 'the', 'Romance', '2024-10-30 22:42:26'),
(459, 'aurongojeblishad02@gmail.com', 'the', 'Philosophical Fiction', '2024-10-30 22:42:26'),
(460, 'aurongojeblishad02@gmail.com', 'the', 'Realism', '2024-10-30 22:42:26'),
(461, 'aurongojeblishad02@gmail.com', 'the', 'Existentialism', '2024-10-30 22:42:26'),
(462, 'aurongojeblishad02@gmail.com', 'the', 'Drama', '2024-10-30 22:43:28'),
(463, 'aurongojeblishad02@gmail.com', 'the', 'Classic Literature', '2024-10-30 22:43:28'),
(464, 'aurongojeblishad02@gmail.com', 'the', 'Fantasy', '2024-10-30 22:43:28'),
(465, 'aurongojeblishad02@gmail.com', 'the', 'Gothic', '2024-10-30 22:43:28'),
(466, 'aurongojeblishad02@gmail.com', 'the', 'Epic Fantasy', '2024-10-30 22:43:28'),
(467, 'aurongojeblishad02@gmail.com', 'the', 'Classic Fiction', '2024-10-30 22:43:28'),
(468, 'aurongojeblishad02@gmail.com', 'the', 'Drama', '2024-10-30 22:43:28'),
(469, 'aurongojeblishad02@gmail.com', 'the', 'Adventure', '2024-10-30 22:43:28'),
(470, 'aurongojeblishad02@gmail.com', 'the', 'Classic', '2024-10-30 22:43:28'),
(471, 'aurongojeblishad02@gmail.com', 'the', 'Romance', '2024-10-30 22:43:28'),
(472, 'aurongojeblishad02@gmail.com', 'the', 'Philosophical Fiction', '2024-10-30 22:43:28'),
(473, 'aurongojeblishad02@gmail.com', 'the', 'Gothic Fiction', '2024-10-30 22:43:28'),
(474, 'aurongojeblishad02@gmail.com', 'the', 'Romance', '2024-10-30 22:43:28'),
(475, 'aurongojeblishad02@gmail.com', 'the', 'Philosophical Fiction', '2024-10-30 22:43:28'),
(476, 'aurongojeblishad02@gmail.com', 'the', 'Realism', '2024-10-30 22:43:28'),
(477, 'aurongojeblishad02@gmail.com', 'the', 'Existentialism', '2024-10-30 22:43:28'),
(478, 'aurongojeblishad02@gmail.com', 'the', 'Drama', '2024-10-30 22:44:22'),
(479, 'aurongojeblishad02@gmail.com', 'the', 'Classic Literature', '2024-10-30 22:44:22'),
(480, 'aurongojeblishad02@gmail.com', 'the', 'Fantasy', '2024-10-30 22:44:22'),
(481, 'aurongojeblishad02@gmail.com', 'the', 'Gothic', '2024-10-30 22:44:22'),
(482, 'aurongojeblishad02@gmail.com', 'the', 'Epic Fantasy', '2024-10-30 22:44:22'),
(483, 'aurongojeblishad02@gmail.com', 'the', 'Classic Fiction', '2024-10-30 22:44:22'),
(484, 'aurongojeblishad02@gmail.com', 'the', 'Drama', '2024-10-30 22:44:22'),
(485, 'aurongojeblishad02@gmail.com', 'the', 'Adventure', '2024-10-30 22:44:22'),
(486, 'aurongojeblishad02@gmail.com', 'the', 'Classic', '2024-10-30 22:44:22'),
(487, 'aurongojeblishad02@gmail.com', 'the', 'Romance', '2024-10-30 22:44:22'),
(488, 'aurongojeblishad02@gmail.com', 'the', 'Philosophical Fiction', '2024-10-30 22:44:22'),
(489, 'aurongojeblishad02@gmail.com', 'the', 'Gothic Fiction', '2024-10-30 22:44:22'),
(490, 'aurongojeblishad02@gmail.com', 'the', 'Romance', '2024-10-30 22:44:22'),
(491, 'aurongojeblishad02@gmail.com', 'the', 'Philosophical Fiction', '2024-10-30 22:44:22'),
(492, 'aurongojeblishad02@gmail.com', 'the', 'Realism', '2024-10-30 22:44:22'),
(493, 'aurongojeblishad02@gmail.com', 'the', 'Existentialism', '2024-10-30 22:44:22'),
(494, 'aurongojeblishad02@gmail.com', 'the', 'Drama', '2024-10-30 22:51:54'),
(495, 'aurongojeblishad02@gmail.com', 'the', 'Classic Literature', '2024-10-30 22:51:54'),
(496, 'aurongojeblishad02@gmail.com', 'the', 'Fantasy', '2024-10-30 22:51:54'),
(497, 'aurongojeblishad02@gmail.com', 'the', 'Gothic', '2024-10-30 22:51:54'),
(498, 'aurongojeblishad02@gmail.com', 'the', 'Epic Fantasy', '2024-10-30 22:51:54'),
(499, 'aurongojeblishad02@gmail.com', 'the', 'Classic Fiction', '2024-10-30 22:51:54'),
(500, 'aurongojeblishad02@gmail.com', 'the', 'Drama', '2024-10-30 22:51:54'),
(501, 'aurongojeblishad02@gmail.com', 'the', 'Adventure', '2024-10-30 22:51:54'),
(502, 'aurongojeblishad02@gmail.com', 'the', 'Classic', '2024-10-30 22:51:54'),
(503, 'aurongojeblishad02@gmail.com', 'the', 'Romance', '2024-10-30 22:51:54'),
(504, 'aurongojeblishad02@gmail.com', 'the', 'Philosophical Fiction', '2024-10-30 22:51:54'),
(505, 'aurongojeblishad02@gmail.com', 'the', 'Gothic Fiction', '2024-10-30 22:51:54'),
(506, 'aurongojeblishad02@gmail.com', 'the', 'Romance', '2024-10-30 22:51:54'),
(507, 'aurongojeblishad02@gmail.com', 'the', 'Philosophical Fiction', '2024-10-30 22:51:54'),
(508, 'aurongojeblishad02@gmail.com', 'the', 'Realism', '2024-10-30 22:51:54'),
(509, 'aurongojeblishad02@gmail.com', 'the', 'Existentialism', '2024-10-30 22:51:54'),
(510, 'aurongojeblishad02@gmail.com', 'the', 'Drama', '2024-10-30 22:54:54'),
(511, 'aurongojeblishad02@gmail.com', 'the', 'Classic Literature', '2024-10-30 22:54:54'),
(512, 'aurongojeblishad02@gmail.com', 'the', 'Fantasy', '2024-10-30 22:54:54'),
(513, 'aurongojeblishad02@gmail.com', 'the', 'Gothic', '2024-10-30 22:54:54'),
(514, 'aurongojeblishad02@gmail.com', 'the', 'Epic Fantasy', '2024-10-30 22:54:54'),
(515, 'aurongojeblishad02@gmail.com', 'the', 'Classic Fiction', '2024-10-30 22:54:54'),
(516, 'aurongojeblishad02@gmail.com', 'the', 'Drama', '2024-10-30 22:54:54'),
(517, 'aurongojeblishad02@gmail.com', 'the', 'Adventure', '2024-10-30 22:54:54'),
(518, 'aurongojeblishad02@gmail.com', 'the', 'Classic', '2024-10-30 22:54:54'),
(519, 'aurongojeblishad02@gmail.com', 'the', 'Romance', '2024-10-30 22:54:54'),
(520, 'aurongojeblishad02@gmail.com', 'the', 'Philosophical Fiction', '2024-10-30 22:54:54'),
(521, 'aurongojeblishad02@gmail.com', 'the', 'Gothic Fiction', '2024-10-30 22:54:54'),
(522, 'aurongojeblishad02@gmail.com', 'the', 'Romance', '2024-10-30 22:54:54'),
(523, 'aurongojeblishad02@gmail.com', 'the', 'Philosophical Fiction', '2024-10-30 22:54:54'),
(524, 'aurongojeblishad02@gmail.com', 'the', 'Realism', '2024-10-30 22:54:54'),
(525, 'aurongojeblishad02@gmail.com', 'the', 'Existentialism', '2024-10-30 22:54:54'),
(526, 'aurongojeblishad02@gmail.com', 'the', 'Drama', '2024-10-30 22:55:16'),
(527, 'aurongojeblishad02@gmail.com', 'the', 'Classic Literature', '2024-10-30 22:55:16'),
(528, 'aurongojeblishad02@gmail.com', 'the', 'Fantasy', '2024-10-30 22:55:16'),
(529, 'aurongojeblishad02@gmail.com', 'the', 'Gothic', '2024-10-30 22:55:16'),
(530, 'aurongojeblishad02@gmail.com', 'the', 'Epic Fantasy', '2024-10-30 22:55:16'),
(531, 'aurongojeblishad02@gmail.com', 'the', 'Classic Fiction', '2024-10-30 22:55:16'),
(532, 'aurongojeblishad02@gmail.com', 'the', 'Drama', '2024-10-30 22:55:16'),
(533, 'aurongojeblishad02@gmail.com', 'the', 'Adventure', '2024-10-30 22:55:16'),
(534, 'aurongojeblishad02@gmail.com', 'the', 'Classic', '2024-10-30 22:55:16'),
(535, 'aurongojeblishad02@gmail.com', 'the', 'Romance', '2024-10-30 22:55:16'),
(536, 'aurongojeblishad02@gmail.com', 'the', 'Philosophical Fiction', '2024-10-30 22:55:16'),
(537, 'aurongojeblishad02@gmail.com', 'the', 'Gothic Fiction', '2024-10-30 22:55:16'),
(538, 'aurongojeblishad02@gmail.com', 'the', 'Romance', '2024-10-30 22:55:16'),
(539, 'aurongojeblishad02@gmail.com', 'the', 'Philosophical Fiction', '2024-10-30 22:55:16'),
(540, 'aurongojeblishad02@gmail.com', 'the', 'Realism', '2024-10-30 22:55:16'),
(541, 'aurongojeblishad02@gmail.com', 'the', 'Existentialism', '2024-10-30 22:55:16'),
(542, 'aurongojeblishad02@gmail.com', 'the', 'Drama', '2024-10-30 22:56:10'),
(543, 'aurongojeblishad02@gmail.com', 'the', 'Classic Literature', '2024-10-30 22:56:10'),
(544, 'aurongojeblishad02@gmail.com', 'the', 'Fantasy', '2024-10-30 22:56:10'),
(545, 'aurongojeblishad02@gmail.com', 'the', 'Gothic', '2024-10-30 22:56:10'),
(546, 'aurongojeblishad02@gmail.com', 'the', 'Epic Fantasy', '2024-10-30 22:56:10'),
(547, 'aurongojeblishad02@gmail.com', 'the', 'Classic Fiction', '2024-10-30 22:56:10'),
(548, 'aurongojeblishad02@gmail.com', 'the', 'Drama', '2024-10-30 22:56:10'),
(549, 'aurongojeblishad02@gmail.com', 'the', 'Adventure', '2024-10-30 22:56:10'),
(550, 'aurongojeblishad02@gmail.com', 'the', 'Classic', '2024-10-30 22:56:10'),
(551, 'aurongojeblishad02@gmail.com', 'the', 'Romance', '2024-10-30 22:56:10'),
(552, 'aurongojeblishad02@gmail.com', 'the', 'Philosophical Fiction', '2024-10-30 22:56:10'),
(553, 'aurongojeblishad02@gmail.com', 'the', 'Gothic Fiction', '2024-10-30 22:56:10'),
(554, 'aurongojeblishad02@gmail.com', 'the', 'Romance', '2024-10-30 22:56:10'),
(555, 'aurongojeblishad02@gmail.com', 'the', 'Philosophical Fiction', '2024-10-30 22:56:10'),
(556, 'aurongojeblishad02@gmail.com', 'the', 'Realism', '2024-10-30 22:56:10'),
(557, 'aurongojeblishad02@gmail.com', 'the', 'Existentialism', '2024-10-30 22:56:10'),
(558, 'aurongojeblishad02@gmail.com', 'the', 'Drama', '2024-10-30 23:05:32'),
(559, 'aurongojeblishad02@gmail.com', 'the', 'Classic Literature', '2024-10-30 23:05:32'),
(560, 'aurongojeblishad02@gmail.com', 'the', 'Fantasy', '2024-10-30 23:05:32'),
(561, 'aurongojeblishad02@gmail.com', 'the', 'Gothic', '2024-10-30 23:05:32'),
(562, 'aurongojeblishad02@gmail.com', 'the', 'Epic Fantasy', '2024-10-30 23:05:32'),
(563, 'aurongojeblishad02@gmail.com', 'the', 'Classic Fiction', '2024-10-30 23:05:32'),
(564, 'aurongojeblishad02@gmail.com', 'the', 'Drama', '2024-10-30 23:05:32'),
(565, 'aurongojeblishad02@gmail.com', 'the', 'Adventure', '2024-10-30 23:05:32'),
(566, 'aurongojeblishad02@gmail.com', 'the', 'Classic', '2024-10-30 23:05:32'),
(567, 'aurongojeblishad02@gmail.com', 'the', 'Romance', '2024-10-30 23:05:32'),
(568, 'aurongojeblishad02@gmail.com', 'the', 'Philosophical Fiction', '2024-10-30 23:05:32'),
(569, 'aurongojeblishad02@gmail.com', 'the', 'Gothic Fiction', '2024-10-30 23:05:32'),
(570, 'aurongojeblishad02@gmail.com', 'the', 'Romance', '2024-10-30 23:05:32'),
(571, 'aurongojeblishad02@gmail.com', 'the', 'Philosophical Fiction', '2024-10-30 23:05:32'),
(572, 'aurongojeblishad02@gmail.com', 'the', 'Realism', '2024-10-30 23:05:32'),
(573, 'aurongojeblishad02@gmail.com', 'the', 'Existentialism', '2024-10-30 23:05:32'),
(574, 'aurongojeblishad02@gmail.com', 'the', 'Drama', '2024-10-30 23:07:14'),
(575, 'aurongojeblishad02@gmail.com', 'the', 'Classic Literature', '2024-10-30 23:07:14'),
(576, 'aurongojeblishad02@gmail.com', 'the', 'Fantasy', '2024-10-30 23:07:14'),
(577, 'aurongojeblishad02@gmail.com', 'the', 'Gothic', '2024-10-30 23:07:14'),
(578, 'aurongojeblishad02@gmail.com', 'the', 'Epic Fantasy', '2024-10-30 23:07:14'),
(579, 'aurongojeblishad02@gmail.com', 'the', 'Classic Fiction', '2024-10-30 23:07:14'),
(580, 'aurongojeblishad02@gmail.com', 'the', 'Drama', '2024-10-30 23:07:14'),
(581, 'aurongojeblishad02@gmail.com', 'the', 'Adventure', '2024-10-30 23:07:14'),
(582, 'aurongojeblishad02@gmail.com', 'the', 'Classic', '2024-10-30 23:07:14'),
(583, 'aurongojeblishad02@gmail.com', 'the', 'Romance', '2024-10-30 23:07:14'),
(584, 'aurongojeblishad02@gmail.com', 'the', 'Philosophical Fiction', '2024-10-30 23:07:14'),
(585, 'aurongojeblishad02@gmail.com', 'the', 'Gothic Fiction', '2024-10-30 23:07:14'),
(586, 'aurongojeblishad02@gmail.com', 'the', 'Romance', '2024-10-30 23:07:14'),
(587, 'aurongojeblishad02@gmail.com', 'the', 'Philosophical Fiction', '2024-10-30 23:07:14'),
(588, 'aurongojeblishad02@gmail.com', 'the', 'Realism', '2024-10-30 23:07:14'),
(589, 'aurongojeblishad02@gmail.com', 'the', 'Existentialism', '2024-10-30 23:07:14'),
(590, 'aurongojeblishad02@gmail.com', 'the', 'Drama', '2024-10-30 23:07:57'),
(591, 'aurongojeblishad02@gmail.com', 'the', 'Classic Literature', '2024-10-30 23:07:57'),
(592, 'aurongojeblishad02@gmail.com', 'the', 'Fantasy', '2024-10-30 23:07:57'),
(593, 'aurongojeblishad02@gmail.com', 'the', 'Gothic', '2024-10-30 23:07:57'),
(594, 'aurongojeblishad02@gmail.com', 'the', 'Epic Fantasy', '2024-10-30 23:07:57'),
(595, 'aurongojeblishad02@gmail.com', 'the', 'Classic Fiction', '2024-10-30 23:07:57'),
(596, 'aurongojeblishad02@gmail.com', 'the', 'Drama', '2024-10-30 23:07:57'),
(597, 'aurongojeblishad02@gmail.com', 'the', 'Adventure', '2024-10-30 23:07:57'),
(598, 'aurongojeblishad02@gmail.com', 'the', 'Classic', '2024-10-30 23:07:57'),
(599, 'aurongojeblishad02@gmail.com', 'the', 'Romance', '2024-10-30 23:07:57'),
(600, 'aurongojeblishad02@gmail.com', 'the', 'Philosophical Fiction', '2024-10-30 23:07:57'),
(601, 'aurongojeblishad02@gmail.com', 'the', 'Gothic Fiction', '2024-10-30 23:07:57'),
(602, 'aurongojeblishad02@gmail.com', 'the', 'Romance', '2024-10-30 23:07:57'),
(603, 'aurongojeblishad02@gmail.com', 'the', 'Philosophical Fiction', '2024-10-30 23:07:57'),
(604, 'aurongojeblishad02@gmail.com', 'the', 'Realism', '2024-10-30 23:07:57'),
(605, 'aurongojeblishad02@gmail.com', 'the', 'Existentialism', '2024-10-30 23:07:57'),
(606, 'aurongojeblishad02@gmail.com', 'the', 'Drama', '2024-10-30 23:09:10'),
(607, 'aurongojeblishad02@gmail.com', 'the', 'Classic Literature', '2024-10-30 23:09:10'),
(608, 'aurongojeblishad02@gmail.com', 'the', 'Fantasy', '2024-10-30 23:09:10'),
(609, 'aurongojeblishad02@gmail.com', 'the', 'Gothic', '2024-10-30 23:09:10'),
(610, 'aurongojeblishad02@gmail.com', 'the', 'Epic Fantasy', '2024-10-30 23:09:10'),
(611, 'aurongojeblishad02@gmail.com', 'the', 'Classic Fiction', '2024-10-30 23:09:10'),
(612, 'aurongojeblishad02@gmail.com', 'the', 'Drama', '2024-10-30 23:09:10');
INSERT INTO `search_history` (`id`, `user_email`, `search_term`, `genre`, `search_time`) VALUES
(613, 'aurongojeblishad02@gmail.com', 'the', 'Adventure', '2024-10-30 23:09:10'),
(614, 'aurongojeblishad02@gmail.com', 'the', 'Classic', '2024-10-30 23:09:10'),
(615, 'aurongojeblishad02@gmail.com', 'the', 'Romance', '2024-10-30 23:09:10'),
(616, 'aurongojeblishad02@gmail.com', 'the', 'Philosophical Fiction', '2024-10-30 23:09:10'),
(617, 'aurongojeblishad02@gmail.com', 'the', 'Gothic Fiction', '2024-10-30 23:09:10'),
(618, 'aurongojeblishad02@gmail.com', 'the', 'Romance', '2024-10-30 23:09:10'),
(619, 'aurongojeblishad02@gmail.com', 'the', 'Philosophical Fiction', '2024-10-30 23:09:10'),
(620, 'aurongojeblishad02@gmail.com', 'the', 'Realism', '2024-10-30 23:09:10'),
(621, 'aurongojeblishad02@gmail.com', 'the', 'Existentialism', '2024-10-30 23:09:10'),
(622, 'aurongojeblishad02@gmail.com', 'the', 'Drama', '2024-10-30 23:09:25'),
(623, 'aurongojeblishad02@gmail.com', 'the', 'Classic Literature', '2024-10-30 23:09:25'),
(624, 'aurongojeblishad02@gmail.com', 'the', 'Fantasy', '2024-10-30 23:09:25'),
(625, 'aurongojeblishad02@gmail.com', 'the', 'Gothic', '2024-10-30 23:09:25'),
(626, 'aurongojeblishad02@gmail.com', 'the', 'Epic Fantasy', '2024-10-30 23:09:25'),
(627, 'aurongojeblishad02@gmail.com', 'the', 'Classic Fiction', '2024-10-30 23:09:25'),
(628, 'aurongojeblishad02@gmail.com', 'the', 'Drama', '2024-10-30 23:09:25'),
(629, 'aurongojeblishad02@gmail.com', 'the', 'Adventure', '2024-10-30 23:09:25'),
(630, 'aurongojeblishad02@gmail.com', 'the', 'Classic', '2024-10-30 23:09:25'),
(631, 'aurongojeblishad02@gmail.com', 'the', 'Romance', '2024-10-30 23:09:25'),
(632, 'aurongojeblishad02@gmail.com', 'the', 'Philosophical Fiction', '2024-10-30 23:09:25'),
(633, 'aurongojeblishad02@gmail.com', 'the', 'Gothic Fiction', '2024-10-30 23:09:25'),
(634, 'aurongojeblishad02@gmail.com', 'the', 'Romance', '2024-10-30 23:09:25'),
(635, 'aurongojeblishad02@gmail.com', 'the', 'Philosophical Fiction', '2024-10-30 23:09:25'),
(636, 'aurongojeblishad02@gmail.com', 'the', 'Realism', '2024-10-30 23:09:25'),
(637, 'aurongojeblishad02@gmail.com', 'the', 'Existentialism', '2024-10-30 23:09:25'),
(638, 'aurongojeblishad02@gmail.com', 'the', 'Drama', '2024-10-30 23:09:51'),
(639, 'aurongojeblishad02@gmail.com', 'the', 'Classic Literature', '2024-10-30 23:09:51'),
(640, 'aurongojeblishad02@gmail.com', 'the', 'Fantasy', '2024-10-30 23:09:51'),
(641, 'aurongojeblishad02@gmail.com', 'the', 'Gothic', '2024-10-30 23:09:51'),
(642, 'aurongojeblishad02@gmail.com', 'the', 'Epic Fantasy', '2024-10-30 23:09:51'),
(643, 'aurongojeblishad02@gmail.com', 'the', 'Classic Fiction', '2024-10-30 23:09:51'),
(644, 'aurongojeblishad02@gmail.com', 'the', 'Drama', '2024-10-30 23:09:51'),
(645, 'aurongojeblishad02@gmail.com', 'the', 'Adventure', '2024-10-30 23:09:51'),
(646, 'aurongojeblishad02@gmail.com', 'the', 'Classic', '2024-10-30 23:09:51'),
(647, 'aurongojeblishad02@gmail.com', 'the', 'Romance', '2024-10-30 23:09:51'),
(648, 'aurongojeblishad02@gmail.com', 'the', 'Philosophical Fiction', '2024-10-30 23:09:51'),
(649, 'aurongojeblishad02@gmail.com', 'the', 'Gothic Fiction', '2024-10-30 23:09:51'),
(650, 'aurongojeblishad02@gmail.com', 'the', 'Romance', '2024-10-30 23:09:51'),
(651, 'aurongojeblishad02@gmail.com', 'the', 'Philosophical Fiction', '2024-10-30 23:09:51'),
(652, 'aurongojeblishad02@gmail.com', 'the', 'Realism', '2024-10-30 23:09:51'),
(653, 'aurongojeblishad02@gmail.com', 'the', 'Existentialism', '2024-10-30 23:09:51'),
(654, 'aurongojeblishad02@gmail.com', 'the', 'Drama', '2024-10-30 23:10:09'),
(655, 'aurongojeblishad02@gmail.com', 'the', 'Classic Literature', '2024-10-30 23:10:09'),
(656, 'aurongojeblishad02@gmail.com', 'the', 'Fantasy', '2024-10-30 23:10:09'),
(657, 'aurongojeblishad02@gmail.com', 'the', 'Gothic', '2024-10-30 23:10:09'),
(658, 'aurongojeblishad02@gmail.com', 'the', 'Epic Fantasy', '2024-10-30 23:10:09'),
(659, 'aurongojeblishad02@gmail.com', 'the', 'Classic Fiction', '2024-10-30 23:10:09'),
(660, 'aurongojeblishad02@gmail.com', 'the', 'Drama', '2024-10-30 23:10:09'),
(661, 'aurongojeblishad02@gmail.com', 'the', 'Adventure', '2024-10-30 23:10:09'),
(662, 'aurongojeblishad02@gmail.com', 'the', 'Classic', '2024-10-30 23:10:09'),
(663, 'aurongojeblishad02@gmail.com', 'the', 'Romance', '2024-10-30 23:10:09'),
(664, 'aurongojeblishad02@gmail.com', 'the', 'Philosophical Fiction', '2024-10-30 23:10:09'),
(665, 'aurongojeblishad02@gmail.com', 'the', 'Gothic Fiction', '2024-10-30 23:10:09'),
(666, 'aurongojeblishad02@gmail.com', 'the', 'Romance', '2024-10-30 23:10:09'),
(667, 'aurongojeblishad02@gmail.com', 'the', 'Philosophical Fiction', '2024-10-30 23:10:09'),
(668, 'aurongojeblishad02@gmail.com', 'the', 'Realism', '2024-10-30 23:10:09'),
(669, 'aurongojeblishad02@gmail.com', 'the', 'Existentialism', '2024-10-30 23:10:09'),
(670, 'aurongojeblishad02@gmail.com', 'the', 'Drama', '2024-10-30 23:10:29'),
(671, 'aurongojeblishad02@gmail.com', 'the', 'Classic Literature', '2024-10-30 23:10:29'),
(672, 'aurongojeblishad02@gmail.com', 'the', 'Fantasy', '2024-10-30 23:10:29'),
(673, 'aurongojeblishad02@gmail.com', 'the', 'Gothic', '2024-10-30 23:10:29'),
(674, 'aurongojeblishad02@gmail.com', 'the', 'Epic Fantasy', '2024-10-30 23:10:29'),
(675, 'aurongojeblishad02@gmail.com', 'the', 'Classic Fiction', '2024-10-30 23:10:29'),
(676, 'aurongojeblishad02@gmail.com', 'the', 'Drama', '2024-10-30 23:10:29'),
(677, 'aurongojeblishad02@gmail.com', 'the', 'Adventure', '2024-10-30 23:10:29'),
(678, 'aurongojeblishad02@gmail.com', 'the', 'Classic', '2024-10-30 23:10:29'),
(679, 'aurongojeblishad02@gmail.com', 'the', 'Romance', '2024-10-30 23:10:29'),
(680, 'aurongojeblishad02@gmail.com', 'the', 'Philosophical Fiction', '2024-10-30 23:10:29'),
(681, 'aurongojeblishad02@gmail.com', 'the', 'Gothic Fiction', '2024-10-30 23:10:29'),
(682, 'aurongojeblishad02@gmail.com', 'the', 'Romance', '2024-10-30 23:10:29'),
(683, 'aurongojeblishad02@gmail.com', 'the', 'Philosophical Fiction', '2024-10-30 23:10:29'),
(684, 'aurongojeblishad02@gmail.com', 'the', 'Realism', '2024-10-30 23:10:29'),
(685, 'aurongojeblishad02@gmail.com', 'the', 'Existentialism', '2024-10-30 23:10:29'),
(686, 'aurongojeblishad02@gmail.com', 'the', 'Drama', '2024-10-30 23:12:07'),
(687, 'aurongojeblishad02@gmail.com', 'the', 'Classic Literature', '2024-10-30 23:12:07'),
(688, 'aurongojeblishad02@gmail.com', 'the', 'Fantasy', '2024-10-30 23:12:07'),
(689, 'aurongojeblishad02@gmail.com', 'the', 'Gothic', '2024-10-30 23:12:07'),
(690, 'aurongojeblishad02@gmail.com', 'the', 'Epic Fantasy', '2024-10-30 23:12:07'),
(691, 'aurongojeblishad02@gmail.com', 'the', 'Classic Fiction', '2024-10-30 23:12:07'),
(692, 'aurongojeblishad02@gmail.com', 'the', 'Drama', '2024-10-30 23:12:07'),
(693, 'aurongojeblishad02@gmail.com', 'the', 'Adventure', '2024-10-30 23:12:07'),
(694, 'aurongojeblishad02@gmail.com', 'the', 'Classic', '2024-10-30 23:12:07'),
(695, 'aurongojeblishad02@gmail.com', 'the', 'Romance', '2024-10-30 23:12:07'),
(696, 'aurongojeblishad02@gmail.com', 'the', 'Philosophical Fiction', '2024-10-30 23:12:07'),
(697, 'aurongojeblishad02@gmail.com', 'the', 'Gothic Fiction', '2024-10-30 23:12:07'),
(698, 'aurongojeblishad02@gmail.com', 'the', 'Romance', '2024-10-30 23:12:07'),
(699, 'aurongojeblishad02@gmail.com', 'the', 'Philosophical Fiction', '2024-10-30 23:12:07'),
(700, 'aurongojeblishad02@gmail.com', 'the', 'Realism', '2024-10-30 23:12:07'),
(701, 'aurongojeblishad02@gmail.com', 'the', 'Existentialism', '2024-10-30 23:12:07'),
(702, 'aurongojeblishad02@gmail.com', 'the', 'Drama', '2024-10-31 06:30:27'),
(703, 'aurongojeblishad02@gmail.com', 'the', 'Classic Literature', '2024-10-31 06:30:27'),
(704, 'aurongojeblishad02@gmail.com', 'the', 'Fantasy', '2024-10-31 06:30:27'),
(705, 'aurongojeblishad02@gmail.com', 'the', 'Gothic', '2024-10-31 06:30:27'),
(706, 'aurongojeblishad02@gmail.com', 'the', 'Epic Fantasy', '2024-10-31 06:30:27'),
(707, 'aurongojeblishad02@gmail.com', 'the', 'Classic Fiction', '2024-10-31 06:30:27'),
(708, 'aurongojeblishad02@gmail.com', 'the', 'Drama', '2024-10-31 06:30:27'),
(709, 'aurongojeblishad02@gmail.com', 'the', 'Adventure', '2024-10-31 06:30:27'),
(710, 'aurongojeblishad02@gmail.com', 'the', 'Classic', '2024-10-31 06:30:27'),
(711, 'aurongojeblishad02@gmail.com', 'the', 'Romance', '2024-10-31 06:30:27'),
(712, 'aurongojeblishad02@gmail.com', 'the', 'Philosophical Fiction', '2024-10-31 06:30:27'),
(713, 'aurongojeblishad02@gmail.com', 'the', 'Gothic Fiction', '2024-10-31 06:30:27'),
(714, 'aurongojeblishad02@gmail.com', 'the', 'Romance', '2024-10-31 06:30:27'),
(715, 'aurongojeblishad02@gmail.com', 'the', 'Philosophical Fiction', '2024-10-31 06:30:27'),
(716, 'aurongojeblishad02@gmail.com', 'the', 'Realism', '2024-10-31 06:30:27'),
(717, 'aurongojeblishad02@gmail.com', 'the', 'Existentialism', '2024-10-31 06:30:27'),
(718, 'aurongojeblishad02@gmail.com', 'the', 'Drama', '2024-10-31 06:40:27'),
(719, 'aurongojeblishad02@gmail.com', 'the', 'Classic Literature', '2024-10-31 06:40:27'),
(720, 'aurongojeblishad02@gmail.com', 'the', 'Fantasy', '2024-10-31 06:40:27'),
(721, 'aurongojeblishad02@gmail.com', 'the', 'Gothic', '2024-10-31 06:40:27'),
(722, 'aurongojeblishad02@gmail.com', 'the', 'Epic Fantasy', '2024-10-31 06:40:27'),
(723, 'aurongojeblishad02@gmail.com', 'the', 'Classic Fiction', '2024-10-31 06:40:27'),
(724, 'aurongojeblishad02@gmail.com', 'the', 'Drama', '2024-10-31 06:40:27'),
(725, 'aurongojeblishad02@gmail.com', 'the', 'Adventure', '2024-10-31 06:40:27'),
(726, 'aurongojeblishad02@gmail.com', 'the', 'Classic', '2024-10-31 06:40:27'),
(727, 'aurongojeblishad02@gmail.com', 'the', 'Romance', '2024-10-31 06:40:27'),
(728, 'aurongojeblishad02@gmail.com', 'the', 'Philosophical Fiction', '2024-10-31 06:40:27'),
(729, 'aurongojeblishad02@gmail.com', 'the', 'Gothic Fiction', '2024-10-31 06:40:27'),
(730, 'aurongojeblishad02@gmail.com', 'the', 'Romance', '2024-10-31 06:40:27'),
(731, 'aurongojeblishad02@gmail.com', 'the', 'Philosophical Fiction', '2024-10-31 06:40:27'),
(732, 'aurongojeblishad02@gmail.com', 'the', 'Realism', '2024-10-31 06:40:27'),
(733, 'aurongojeblishad02@gmail.com', 'the', 'Existentialism', '2024-10-31 06:40:27'),
(734, 'aurongojeblishad02@gmail.com', 'f', 'Drama', '2024-10-31 06:48:38'),
(735, 'aurongojeblishad02@gmail.com', 'f', 'Realism', '2024-10-31 06:48:38'),
(736, 'aurongojeblishad02@gmail.com', 'f', 'Gothic', '2024-10-31 06:48:38'),
(737, 'aurongojeblishad02@gmail.com', 'f', 'Epic Fantasy', '2024-10-31 06:48:38'),
(738, 'aurongojeblishad02@gmail.com', 'f', 'Dystopian', '2024-10-31 06:48:38'),
(739, 'aurongojeblishad02@gmail.com', 'f', 'Adventure', '2024-10-31 06:48:38'),
(740, 'aurongojeblishad02@gmail.com', 'f', 'Political Fiction', '2024-10-31 06:48:38'),
(741, 'aurongojeblishad02@gmail.com', 'f', 'War', '2024-10-31 06:48:38'),
(742, 'aurongojeblishad02@gmail.com', 'f', 'Philosophical Fiction', '2024-10-31 06:48:38'),
(743, 'aurongojeblishad02@gmail.com', 'f', 'Novella', '2024-10-31 06:48:38'),
(744, 'aurongojeblishad02@gmail.com', 'f', 'Realism', '2024-10-31 06:48:38'),
(745, 'aurongojeblishad02@gmail.com', 'f', 'Realism', '2024-10-31 06:48:38'),
(746, 'aurongojeblishad02@gmail.com', 'f', 'Satire', '2024-10-31 06:48:38'),
(747, 'aurongojeblishad02@gmail.com', 'f', 'Existentialism', '2024-10-31 06:48:38'),
(748, 'aurongojeblishad02@gmail.com', 'f', 'Historical Fiction', '2024-10-31 06:48:38'),
(749, 'aurongozeblishad@gmail.com', 'the', 'Drama', '2024-11-03 15:54:37'),
(750, 'aurongozeblishad@gmail.com', 'the', 'Classic Literature', '2024-11-03 15:54:37'),
(751, 'aurongozeblishad@gmail.com', 'the', 'Fantasy', '2024-11-03 15:54:37'),
(752, 'aurongozeblishad@gmail.com', 'the', 'Gothic', '2024-11-03 15:54:37'),
(753, 'aurongozeblishad@gmail.com', 'the', 'Epic Fantasy', '2024-11-03 15:54:37'),
(754, 'aurongozeblishad@gmail.com', 'the', 'Classic Fiction', '2024-11-03 15:54:37'),
(755, 'aurongozeblishad@gmail.com', 'the', 'Drama', '2024-11-03 15:54:37'),
(756, 'aurongozeblishad@gmail.com', 'the', 'Adventure', '2024-11-03 15:54:37'),
(757, 'aurongozeblishad@gmail.com', 'the', 'Classic', '2024-11-03 15:54:37'),
(758, 'aurongozeblishad@gmail.com', 'the', 'Romance', '2024-11-03 15:54:37'),
(759, 'aurongozeblishad@gmail.com', 'the', 'Philosophical Fiction', '2024-11-03 15:54:37'),
(760, 'aurongozeblishad@gmail.com', 'the', 'Gothic Fiction', '2024-11-03 15:54:37'),
(761, 'aurongozeblishad@gmail.com', 'the', 'Romance', '2024-11-03 15:54:37'),
(762, 'aurongozeblishad@gmail.com', 'the', 'Philosophical Fiction', '2024-11-03 15:54:37'),
(763, 'aurongozeblishad@gmail.com', 'the', 'Realism', '2024-11-03 15:54:37'),
(764, 'aurongozeblishad@gmail.com', 'the', 'Existentialism', '2024-11-03 15:54:37'),
(765, 'aurongozeblishad@gmail.com', 'the', 'Drama', '2024-11-03 15:54:57'),
(766, 'aurongozeblishad@gmail.com', 'the', 'Classic Literature', '2024-11-03 15:54:57'),
(767, 'aurongozeblishad@gmail.com', 'the', 'Fantasy', '2024-11-03 15:54:57'),
(768, 'aurongozeblishad@gmail.com', 'the', 'Gothic', '2024-11-03 15:54:57'),
(769, 'aurongozeblishad@gmail.com', 'the', 'Epic Fantasy', '2024-11-03 15:54:57'),
(770, 'aurongozeblishad@gmail.com', 'the', 'Classic Fiction', '2024-11-03 15:54:57'),
(771, 'aurongozeblishad@gmail.com', 'the', 'Drama', '2024-11-03 15:54:57'),
(772, 'aurongozeblishad@gmail.com', 'the', 'Adventure', '2024-11-03 15:54:57'),
(773, 'aurongozeblishad@gmail.com', 'the', 'Classic', '2024-11-03 15:54:57'),
(774, 'aurongozeblishad@gmail.com', 'the', 'Romance', '2024-11-03 15:54:57'),
(775, 'aurongozeblishad@gmail.com', 'the', 'Philosophical Fiction', '2024-11-03 15:54:57'),
(776, 'aurongozeblishad@gmail.com', 'the', 'Gothic Fiction', '2024-11-03 15:54:57'),
(777, 'aurongozeblishad@gmail.com', 'the', 'Romance', '2024-11-03 15:54:57'),
(778, 'aurongozeblishad@gmail.com', 'the', 'Philosophical Fiction', '2024-11-03 15:54:57'),
(779, 'aurongozeblishad@gmail.com', 'the', 'Realism', '2024-11-03 15:54:57'),
(780, 'aurongozeblishad@gmail.com', 'the', 'Existentialism', '2024-11-03 15:54:57'),
(781, 'aurongozeblishad@gmail.com', 'the', 'Drama', '2024-11-03 15:55:35'),
(782, 'aurongozeblishad@gmail.com', 'the', 'Classic Literature', '2024-11-03 15:55:35'),
(783, 'aurongozeblishad@gmail.com', 'the', 'Fantasy', '2024-11-03 15:55:35'),
(784, 'aurongozeblishad@gmail.com', 'the', 'Gothic', '2024-11-03 15:55:35'),
(785, 'aurongozeblishad@gmail.com', 'the', 'Epic Fantasy', '2024-11-03 15:55:35'),
(786, 'aurongozeblishad@gmail.com', 'the', 'Classic Fiction', '2024-11-03 15:55:35'),
(787, 'aurongozeblishad@gmail.com', 'the', 'Drama', '2024-11-03 15:55:35'),
(788, 'aurongozeblishad@gmail.com', 'the', 'Adventure', '2024-11-03 15:55:35'),
(789, 'aurongozeblishad@gmail.com', 'the', 'Classic', '2024-11-03 15:55:35'),
(790, 'aurongozeblishad@gmail.com', 'the', 'Romance', '2024-11-03 15:55:35'),
(791, 'aurongozeblishad@gmail.com', 'the', 'Philosophical Fiction', '2024-11-03 15:55:35'),
(792, 'aurongozeblishad@gmail.com', 'the', 'Gothic Fiction', '2024-11-03 15:55:35'),
(793, 'aurongozeblishad@gmail.com', 'the', 'Romance', '2024-11-03 15:55:35'),
(794, 'aurongozeblishad@gmail.com', 'the', 'Philosophical Fiction', '2024-11-03 15:55:35'),
(795, 'aurongozeblishad@gmail.com', 'the', 'Realism', '2024-11-03 15:55:35'),
(796, 'aurongozeblishad@gmail.com', 'the', 'Existentialism', '2024-11-03 15:55:35'),
(797, 'aurongozeblishad@gmail.com', 'the', 'Drama', '2024-11-03 15:56:17'),
(798, 'aurongozeblishad@gmail.com', 'the', 'Classic Literature', '2024-11-03 15:56:17'),
(799, 'aurongozeblishad@gmail.com', 'the', 'Fantasy', '2024-11-03 15:56:17'),
(800, 'aurongozeblishad@gmail.com', 'the', 'Gothic', '2024-11-03 15:56:17'),
(801, 'aurongozeblishad@gmail.com', 'the', 'Epic Fantasy', '2024-11-03 15:56:17'),
(802, 'aurongozeblishad@gmail.com', 'the', 'Classic Fiction', '2024-11-03 15:56:17'),
(803, 'aurongozeblishad@gmail.com', 'the', 'Drama', '2024-11-03 15:56:17'),
(804, 'aurongozeblishad@gmail.com', 'the', 'Adventure', '2024-11-03 15:56:17'),
(805, 'aurongozeblishad@gmail.com', 'the', 'Classic', '2024-11-03 15:56:17'),
(806, 'aurongozeblishad@gmail.com', 'the', 'Romance', '2024-11-03 15:56:17'),
(807, 'aurongozeblishad@gmail.com', 'the', 'Philosophical Fiction', '2024-11-03 15:56:17'),
(808, 'aurongozeblishad@gmail.com', 'the', 'Gothic Fiction', '2024-11-03 15:56:17'),
(809, 'aurongozeblishad@gmail.com', 'the', 'Romance', '2024-11-03 15:56:17'),
(810, 'aurongozeblishad@gmail.com', 'the', 'Philosophical Fiction', '2024-11-03 15:56:17'),
(811, 'aurongozeblishad@gmail.com', 'the', 'Realism', '2024-11-03 15:56:17'),
(812, 'aurongozeblishad@gmail.com', 'the', 'Existentialism', '2024-11-03 15:56:17'),
(813, 'aurongozeblishad@gmail.com', 'the', 'Drama', '2024-11-03 15:57:54'),
(814, 'aurongozeblishad@gmail.com', 'the', 'Classic Literature', '2024-11-03 15:57:54'),
(815, 'aurongozeblishad@gmail.com', 'the', 'Fantasy', '2024-11-03 15:57:54'),
(816, 'aurongozeblishad@gmail.com', 'the', 'Gothic', '2024-11-03 15:57:54'),
(817, 'aurongozeblishad@gmail.com', 'the', 'Epic Fantasy', '2024-11-03 15:57:54'),
(818, 'aurongozeblishad@gmail.com', 'the', 'Classic Fiction', '2024-11-03 15:57:54'),
(819, 'aurongozeblishad@gmail.com', 'the', 'Drama', '2024-11-03 15:57:54'),
(820, 'aurongozeblishad@gmail.com', 'the', 'Adventure', '2024-11-03 15:57:54'),
(821, 'aurongozeblishad@gmail.com', 'the', 'Classic', '2024-11-03 15:57:54'),
(822, 'aurongozeblishad@gmail.com', 'the', 'Romance', '2024-11-03 15:57:54'),
(823, 'aurongozeblishad@gmail.com', 'the', 'Philosophical Fiction', '2024-11-03 15:57:54'),
(824, 'aurongozeblishad@gmail.com', 'the', 'Gothic Fiction', '2024-11-03 15:57:54'),
(825, 'aurongozeblishad@gmail.com', 'the', 'Romance', '2024-11-03 15:57:54'),
(826, 'aurongozeblishad@gmail.com', 'the', 'Philosophical Fiction', '2024-11-03 15:57:54'),
(827, 'aurongozeblishad@gmail.com', 'the', 'Realism', '2024-11-03 15:57:54'),
(828, 'aurongozeblishad@gmail.com', 'the', 'Existentialism', '2024-11-03 15:57:54'),
(829, 'aurongojeblishad@gmail.com', 'the', 'Drama', '2024-11-03 15:59:51'),
(830, 'aurongojeblishad@gmail.com', 'the', 'Classic Literature', '2024-11-03 15:59:51'),
(831, 'aurongojeblishad@gmail.com', 'the', 'Fantasy', '2024-11-03 15:59:51'),
(832, 'aurongojeblishad@gmail.com', 'the', 'Gothic', '2024-11-03 15:59:51'),
(833, 'aurongojeblishad@gmail.com', 'the', 'Epic Fantasy', '2024-11-03 15:59:51'),
(834, 'aurongojeblishad@gmail.com', 'the', 'Classic Fiction', '2024-11-03 15:59:51'),
(835, 'aurongojeblishad@gmail.com', 'the', 'Drama', '2024-11-03 15:59:51'),
(836, 'aurongojeblishad@gmail.com', 'the', 'Adventure', '2024-11-03 15:59:51'),
(837, 'aurongojeblishad@gmail.com', 'the', 'Classic', '2024-11-03 15:59:51'),
(838, 'aurongojeblishad@gmail.com', 'the', 'Romance', '2024-11-03 15:59:51'),
(839, 'aurongojeblishad@gmail.com', 'the', 'Philosophical Fiction', '2024-11-03 15:59:51'),
(840, 'aurongojeblishad@gmail.com', 'the', 'Gothic Fiction', '2024-11-03 15:59:51'),
(841, 'aurongojeblishad@gmail.com', 'the', 'Romance', '2024-11-03 15:59:51'),
(842, 'aurongojeblishad@gmail.com', 'the', 'Philosophical Fiction', '2024-11-03 15:59:51'),
(843, 'aurongojeblishad@gmail.com', 'the', 'Realism', '2024-11-03 15:59:51'),
(844, 'aurongojeblishad@gmail.com', 'the', 'Existentialism', '2024-11-03 15:59:51'),
(845, 'aurongojeblishad@gmail.com', 'the', 'Drama', '2024-11-03 17:11:22'),
(846, 'aurongojeblishad@gmail.com', 'the', 'Classic Literature', '2024-11-03 17:11:22'),
(847, 'aurongojeblishad@gmail.com', 'the', 'Fantasy', '2024-11-03 17:11:22'),
(848, 'aurongojeblishad@gmail.com', 'the', 'Gothic', '2024-11-03 17:11:22'),
(849, 'aurongojeblishad@gmail.com', 'the', 'Epic Fantasy', '2024-11-03 17:11:22'),
(850, 'aurongojeblishad@gmail.com', 'the', 'Classic Fiction', '2024-11-03 17:11:22'),
(851, 'aurongojeblishad@gmail.com', 'the', 'Drama', '2024-11-03 17:11:22'),
(852, 'aurongojeblishad@gmail.com', 'the', 'Adventure', '2024-11-03 17:11:22'),
(853, 'aurongojeblishad@gmail.com', 'the', 'Classic', '2024-11-03 17:11:22'),
(854, 'aurongojeblishad@gmail.com', 'the', 'Romance', '2024-11-03 17:11:22'),
(855, 'aurongojeblishad@gmail.com', 'the', 'Philosophical Fiction', '2024-11-03 17:11:22'),
(856, 'aurongojeblishad@gmail.com', 'the', 'Gothic Fiction', '2024-11-03 17:11:22'),
(857, 'aurongojeblishad@gmail.com', 'the', 'Romance', '2024-11-03 17:11:22'),
(858, 'aurongojeblishad@gmail.com', 'the', 'Philosophical Fiction', '2024-11-03 17:11:22'),
(859, 'aurongojeblishad@gmail.com', 'the', 'Realism', '2024-11-03 17:11:22'),
(860, 'aurongojeblishad@gmail.com', 'the', 'Existentialism', '2024-11-03 17:11:22'),
(861, 'aurongojeblishad@gmail.com', 'the', 'Drama', '2024-11-03 17:13:24'),
(862, 'aurongojeblishad@gmail.com', 'the', 'Classic Literature', '2024-11-03 17:13:24'),
(863, 'aurongojeblishad@gmail.com', 'the', 'Fantasy', '2024-11-03 17:13:24'),
(864, 'aurongojeblishad@gmail.com', 'the', 'Gothic', '2024-11-03 17:13:24'),
(865, 'aurongojeblishad@gmail.com', 'the', 'Epic Fantasy', '2024-11-03 17:13:24'),
(866, 'aurongojeblishad@gmail.com', 'the', 'Classic Fiction', '2024-11-03 17:13:24'),
(867, 'aurongojeblishad@gmail.com', 'the', 'Drama', '2024-11-03 17:13:24'),
(868, 'aurongojeblishad@gmail.com', 'the', 'Adventure', '2024-11-03 17:13:24'),
(869, 'aurongojeblishad@gmail.com', 'the', 'Classic', '2024-11-03 17:13:24'),
(870, 'aurongojeblishad@gmail.com', 'the', 'Romance', '2024-11-03 17:13:24'),
(871, 'aurongojeblishad@gmail.com', 'the', 'Philosophical Fiction', '2024-11-03 17:13:24'),
(872, 'aurongojeblishad@gmail.com', 'the', 'Gothic Fiction', '2024-11-03 17:13:24'),
(873, 'aurongojeblishad@gmail.com', 'the', 'Romance', '2024-11-03 17:13:24'),
(874, 'aurongojeblishad@gmail.com', 'the', 'Philosophical Fiction', '2024-11-03 17:13:24'),
(875, 'aurongojeblishad@gmail.com', 'the', 'Realism', '2024-11-03 17:13:24'),
(876, 'aurongojeblishad@gmail.com', 'the', 'Existentialism', '2024-11-03 17:13:24'),
(877, 'aurongojeblishad@gmail.com', 'the', 'Drama', '2024-11-03 17:17:24'),
(878, 'aurongojeblishad@gmail.com', 'the', 'Classic Literature', '2024-11-03 17:17:24'),
(879, 'aurongojeblishad@gmail.com', 'the', 'Fantasy', '2024-11-03 17:17:24'),
(880, 'aurongojeblishad@gmail.com', 'the', 'Gothic', '2024-11-03 17:17:24'),
(881, 'aurongojeblishad@gmail.com', 'the', 'Epic Fantasy', '2024-11-03 17:17:24'),
(882, 'aurongojeblishad@gmail.com', 'the', 'Classic Fiction', '2024-11-03 17:17:24'),
(883, 'aurongojeblishad@gmail.com', 'the', 'Drama', '2024-11-03 17:17:24'),
(884, 'aurongojeblishad@gmail.com', 'the', 'Adventure', '2024-11-03 17:17:24'),
(885, 'aurongojeblishad@gmail.com', 'the', 'Classic', '2024-11-03 17:17:24'),
(886, 'aurongojeblishad@gmail.com', 'the', 'Romance', '2024-11-03 17:17:24'),
(887, 'aurongojeblishad@gmail.com', 'the', 'Philosophical Fiction', '2024-11-03 17:17:24'),
(888, 'aurongojeblishad@gmail.com', 'the', 'Gothic Fiction', '2024-11-03 17:17:24'),
(889, 'aurongojeblishad@gmail.com', 'the', 'Romance', '2024-11-03 17:17:24'),
(890, 'aurongojeblishad@gmail.com', 'the', 'Philosophical Fiction', '2024-11-03 17:17:24'),
(891, 'aurongojeblishad@gmail.com', 'the', 'Realism', '2024-11-03 17:17:24'),
(892, 'aurongojeblishad@gmail.com', 'the', 'Existentialism', '2024-11-03 17:17:24'),
(893, 'aurongojeblishad@gmail.com', 'madame', 'Realism', '2024-11-03 17:17:37'),
(894, 'aurongojeblishad@gmail.com', 'the', 'Drama', '2024-11-03 17:17:44'),
(895, 'aurongojeblishad@gmail.com', 'the', 'Classic Literature', '2024-11-03 17:17:44'),
(896, 'aurongojeblishad@gmail.com', 'the', 'Fantasy', '2024-11-03 17:17:44'),
(897, 'aurongojeblishad@gmail.com', 'the', 'Gothic', '2024-11-03 17:17:44'),
(898, 'aurongojeblishad@gmail.com', 'the', 'Epic Fantasy', '2024-11-03 17:17:44'),
(899, 'aurongojeblishad@gmail.com', 'the', 'Classic Fiction', '2024-11-03 17:17:44'),
(900, 'aurongojeblishad@gmail.com', 'the', 'Drama', '2024-11-03 17:17:44'),
(901, 'aurongojeblishad@gmail.com', 'the', 'Adventure', '2024-11-03 17:17:44'),
(902, 'aurongojeblishad@gmail.com', 'the', 'Classic', '2024-11-03 17:17:44'),
(903, 'aurongojeblishad@gmail.com', 'the', 'Romance', '2024-11-03 17:17:44'),
(904, 'aurongojeblishad@gmail.com', 'the', 'Philosophical Fiction', '2024-11-03 17:17:44'),
(905, 'aurongojeblishad@gmail.com', 'the', 'Gothic Fiction', '2024-11-03 17:17:44'),
(906, 'aurongojeblishad@gmail.com', 'the', 'Romance', '2024-11-03 17:17:44'),
(907, 'aurongojeblishad@gmail.com', 'the', 'Philosophical Fiction', '2024-11-03 17:17:44'),
(908, 'aurongojeblishad@gmail.com', 'the', 'Realism', '2024-11-03 17:17:44'),
(909, 'aurongojeblishad@gmail.com', 'the', 'Existentialism', '2024-11-03 17:17:44'),
(910, 'aurongojeblishad@gmail.com', 'the', 'Drama', '2024-11-03 17:20:06'),
(911, 'aurongojeblishad@gmail.com', 'the', 'Classic Literature', '2024-11-03 17:20:06'),
(912, 'aurongojeblishad@gmail.com', 'the', 'Fantasy', '2024-11-03 17:20:06'),
(913, 'aurongojeblishad@gmail.com', 'the', 'Gothic', '2024-11-03 17:20:06'),
(914, 'aurongojeblishad@gmail.com', 'the', 'Epic Fantasy', '2024-11-03 17:20:06'),
(915, 'aurongojeblishad@gmail.com', 'the', 'Classic Fiction', '2024-11-03 17:20:06'),
(916, 'aurongojeblishad@gmail.com', 'the', 'Drama', '2024-11-03 17:20:06'),
(917, 'aurongojeblishad@gmail.com', 'the', 'Adventure', '2024-11-03 17:20:06'),
(918, 'aurongojeblishad@gmail.com', 'the', 'Classic', '2024-11-03 17:20:06'),
(919, 'aurongojeblishad@gmail.com', 'the', 'Romance', '2024-11-03 17:20:06'),
(920, 'aurongojeblishad@gmail.com', 'the', 'Philosophical Fiction', '2024-11-03 17:20:06'),
(921, 'aurongojeblishad@gmail.com', 'the', 'Gothic Fiction', '2024-11-03 17:20:06'),
(922, 'aurongojeblishad@gmail.com', 'the', 'Romance', '2024-11-03 17:20:06'),
(923, 'aurongojeblishad@gmail.com', 'the', 'Philosophical Fiction', '2024-11-03 17:20:06'),
(924, 'aurongojeblishad@gmail.com', 'the', 'Realism', '2024-11-03 17:20:06'),
(925, 'aurongojeblishad@gmail.com', 'the', 'Existentialism', '2024-11-03 17:20:06'),
(926, 'aurongojeblishad@gmail.com', 'the', 'Drama', '2024-11-03 17:26:49'),
(927, 'aurongojeblishad@gmail.com', 'the', 'Classic Literature', '2024-11-03 17:26:49'),
(928, 'aurongojeblishad@gmail.com', 'the', 'Fantasy', '2024-11-03 17:26:49'),
(929, 'aurongojeblishad@gmail.com', 'the', 'Gothic', '2024-11-03 17:26:49'),
(930, 'aurongojeblishad@gmail.com', 'the', 'Epic Fantasy', '2024-11-03 17:26:49'),
(931, 'aurongojeblishad@gmail.com', 'the', 'Classic Fiction', '2024-11-03 17:26:49'),
(932, 'aurongojeblishad@gmail.com', 'the', 'Drama', '2024-11-03 17:26:49'),
(933, 'aurongojeblishad@gmail.com', 'the', 'Adventure', '2024-11-03 17:26:49'),
(934, 'aurongojeblishad@gmail.com', 'the', 'Classic', '2024-11-03 17:26:49'),
(935, 'aurongojeblishad@gmail.com', 'the', 'Romance', '2024-11-03 17:26:49'),
(936, 'aurongojeblishad@gmail.com', 'the', 'Philosophical Fiction', '2024-11-03 17:26:49'),
(937, 'aurongojeblishad@gmail.com', 'the', 'Gothic Fiction', '2024-11-03 17:26:49'),
(938, 'aurongojeblishad@gmail.com', 'the', 'Romance', '2024-11-03 17:26:49'),
(939, 'aurongojeblishad@gmail.com', 'the', 'Philosophical Fiction', '2024-11-03 17:26:49'),
(940, 'aurongojeblishad@gmail.com', 'the', 'Realism', '2024-11-03 17:26:49'),
(941, 'aurongojeblishad@gmail.com', 'the', 'Existentialism', '2024-11-03 17:26:49'),
(942, 'aurongojeblishad@gmail.com', 'the', 'Drama', '2024-11-03 17:35:19'),
(943, 'aurongojeblishad@gmail.com', 'the', 'Classic Literature', '2024-11-03 17:35:19'),
(944, 'aurongojeblishad@gmail.com', 'the', 'Fantasy', '2024-11-03 17:35:19'),
(945, 'aurongojeblishad@gmail.com', 'the', 'Gothic', '2024-11-03 17:35:19'),
(946, 'aurongojeblishad@gmail.com', 'the', 'Epic Fantasy', '2024-11-03 17:35:19'),
(947, 'aurongojeblishad@gmail.com', 'the', 'Classic Fiction', '2024-11-03 17:35:19'),
(948, 'aurongojeblishad@gmail.com', 'the', 'Drama', '2024-11-03 17:35:19'),
(949, 'aurongojeblishad@gmail.com', 'the', 'Adventure', '2024-11-03 17:35:19'),
(950, 'aurongojeblishad@gmail.com', 'the', 'Classic', '2024-11-03 17:35:19'),
(951, 'aurongojeblishad@gmail.com', 'the', 'Romance', '2024-11-03 17:35:19'),
(952, 'aurongojeblishad@gmail.com', 'the', 'Philosophical Fiction', '2024-11-03 17:35:19'),
(953, 'aurongojeblishad@gmail.com', 'the', 'Gothic Fiction', '2024-11-03 17:35:19'),
(954, 'aurongojeblishad@gmail.com', 'the', 'Romance', '2024-11-03 17:35:19'),
(955, 'aurongojeblishad@gmail.com', 'the', 'Philosophical Fiction', '2024-11-03 17:35:19'),
(956, 'aurongojeblishad@gmail.com', 'the', 'Realism', '2024-11-03 17:35:19'),
(957, 'aurongojeblishad@gmail.com', 'the', 'Existentialism', '2024-11-03 17:35:19'),
(958, 'aurongojeblishad@gmail.com', 'the', 'Drama', '2024-11-05 06:11:44'),
(959, 'aurongojeblishad@gmail.com', 'the', 'Classic Literature', '2024-11-05 06:11:44'),
(960, 'aurongojeblishad@gmail.com', 'the', 'Fantasy', '2024-11-05 06:11:44'),
(961, 'aurongojeblishad@gmail.com', 'the', 'Gothic', '2024-11-05 06:11:44'),
(962, 'aurongojeblishad@gmail.com', 'the', 'Epic Fantasy', '2024-11-05 06:11:44'),
(963, 'aurongojeblishad@gmail.com', 'the', 'Classic Fiction', '2024-11-05 06:11:44'),
(964, 'aurongojeblishad@gmail.com', 'the', 'Drama', '2024-11-05 06:11:44'),
(965, 'aurongojeblishad@gmail.com', 'the', 'Adventure', '2024-11-05 06:11:44'),
(966, 'aurongojeblishad@gmail.com', 'the', 'Classic', '2024-11-05 06:11:44'),
(967, 'aurongojeblishad@gmail.com', 'the', 'Romance', '2024-11-05 06:11:44'),
(968, 'aurongojeblishad@gmail.com', 'the', 'Philosophical Fiction', '2024-11-05 06:11:44'),
(969, 'aurongojeblishad@gmail.com', 'the', 'Gothic Fiction', '2024-11-05 06:11:44'),
(970, 'aurongojeblishad@gmail.com', 'the', 'Romance', '2024-11-05 06:11:44'),
(971, 'aurongojeblishad@gmail.com', 'the', 'Philosophical Fiction', '2024-11-05 06:11:44'),
(972, 'aurongojeblishad@gmail.com', 'the', 'Realism', '2024-11-05 06:11:44'),
(973, 'aurongojeblishad@gmail.com', 'the', 'Existentialism', '2024-11-05 06:11:44'),
(974, 'aurongojeblishad@gmail.com', 'the', 'Drama', '2024-11-05 06:15:14'),
(975, 'aurongojeblishad@gmail.com', 'the', 'Classic Literature', '2024-11-05 06:15:14'),
(976, 'aurongojeblishad@gmail.com', 'the', 'Fantasy', '2024-11-05 06:15:14'),
(977, 'aurongojeblishad@gmail.com', 'the', 'Gothic', '2024-11-05 06:15:14'),
(978, 'aurongojeblishad@gmail.com', 'the', 'Epic Fantasy', '2024-11-05 06:15:14'),
(979, 'aurongojeblishad@gmail.com', 'the', 'Classic Fiction', '2024-11-05 06:15:14'),
(980, 'aurongojeblishad@gmail.com', 'the', 'Drama', '2024-11-05 06:15:14'),
(981, 'aurongojeblishad@gmail.com', 'the', 'Adventure', '2024-11-05 06:15:14'),
(982, 'aurongojeblishad@gmail.com', 'the', 'Classic', '2024-11-05 06:15:14'),
(983, 'aurongojeblishad@gmail.com', 'the', 'Romance', '2024-11-05 06:15:14'),
(984, 'aurongojeblishad@gmail.com', 'the', 'Philosophical Fiction', '2024-11-05 06:15:14'),
(985, 'aurongojeblishad@gmail.com', 'the', 'Gothic Fiction', '2024-11-05 06:15:14'),
(986, 'aurongojeblishad@gmail.com', 'the', 'Romance', '2024-11-05 06:15:14'),
(987, 'aurongojeblishad@gmail.com', 'the', 'Philosophical Fiction', '2024-11-05 06:15:14'),
(988, 'aurongojeblishad@gmail.com', 'the', 'Realism', '2024-11-05 06:15:14'),
(989, 'aurongojeblishad@gmail.com', 'the', 'Existentialism', '2024-11-05 06:15:14'),
(990, 'aurongojeblishad@gmail.com', 'the', 'Drama', '2024-11-05 06:15:55'),
(991, 'aurongojeblishad@gmail.com', 'the', 'Classic Literature', '2024-11-05 06:15:55'),
(992, 'aurongojeblishad@gmail.com', 'the', 'Fantasy', '2024-11-05 06:15:55'),
(993, 'aurongojeblishad@gmail.com', 'the', 'Gothic', '2024-11-05 06:15:55'),
(994, 'aurongojeblishad@gmail.com', 'the', 'Epic Fantasy', '2024-11-05 06:15:55'),
(995, 'aurongojeblishad@gmail.com', 'the', 'Classic Fiction', '2024-11-05 06:15:55'),
(996, 'aurongojeblishad@gmail.com', 'the', 'Drama', '2024-11-05 06:15:55'),
(997, 'aurongojeblishad@gmail.com', 'the', 'Adventure', '2024-11-05 06:15:55'),
(998, 'aurongojeblishad@gmail.com', 'the', 'Classic', '2024-11-05 06:15:55'),
(999, 'aurongojeblishad@gmail.com', 'the', 'Romance', '2024-11-05 06:15:55'),
(1000, 'aurongojeblishad@gmail.com', 'the', 'Philosophical Fiction', '2024-11-05 06:15:55'),
(1001, 'aurongojeblishad@gmail.com', 'the', 'Gothic Fiction', '2024-11-05 06:15:55'),
(1002, 'aurongojeblishad@gmail.com', 'the', 'Romance', '2024-11-05 06:15:55'),
(1003, 'aurongojeblishad@gmail.com', 'the', 'Philosophical Fiction', '2024-11-05 06:15:55'),
(1004, 'aurongojeblishad@gmail.com', 'the', 'Realism', '2024-11-05 06:15:55'),
(1005, 'aurongojeblishad@gmail.com', 'the', 'Existentialism', '2024-11-05 06:15:55'),
(1006, 'aurongojeblishad@gmail.com', '1984', 'Realism', '2024-11-05 06:23:00'),
(1007, 'aurongojeblishad@gmail.com', 'the', 'Drama', '2024-11-05 06:23:55'),
(1008, 'aurongojeblishad@gmail.com', 'the', 'Classic Literature', '2024-11-05 06:23:55'),
(1009, 'aurongojeblishad@gmail.com', 'the', 'Fantasy', '2024-11-05 06:23:55'),
(1010, 'aurongojeblishad@gmail.com', 'the', 'Gothic', '2024-11-05 06:23:55'),
(1011, 'aurongojeblishad@gmail.com', 'the', 'Epic Fantasy', '2024-11-05 06:23:55'),
(1012, 'aurongojeblishad@gmail.com', 'the', 'Classic Fiction', '2024-11-05 06:23:55'),
(1013, 'aurongojeblishad@gmail.com', 'the', 'Drama', '2024-11-05 06:23:55'),
(1014, 'aurongojeblishad@gmail.com', 'the', 'Adventure', '2024-11-05 06:23:55'),
(1015, 'aurongojeblishad@gmail.com', 'the', 'Classic', '2024-11-05 06:23:55'),
(1016, 'aurongojeblishad@gmail.com', 'the', 'Romance', '2024-11-05 06:23:55'),
(1017, 'aurongojeblishad@gmail.com', 'the', 'Philosophical Fiction', '2024-11-05 06:23:55'),
(1018, 'aurongojeblishad@gmail.com', 'the', 'Gothic Fiction', '2024-11-05 06:23:55'),
(1019, 'aurongojeblishad@gmail.com', 'the', 'Romance', '2024-11-05 06:23:55'),
(1020, 'aurongojeblishad@gmail.com', 'the', 'Philosophical Fiction', '2024-11-05 06:23:55'),
(1021, 'aurongojeblishad@gmail.com', 'the', 'Realism', '2024-11-05 06:23:55'),
(1022, 'aurongojeblishad@gmail.com', 'the', 'Existentialism', '2024-11-05 06:23:55'),
(1023, 'aurongojeblishad@gmail.com', 'the', 'Drama', '2024-11-05 06:24:54'),
(1024, 'aurongojeblishad@gmail.com', 'the', 'Classic Literature', '2024-11-05 06:24:54'),
(1025, 'aurongojeblishad@gmail.com', 'the', 'Fantasy', '2024-11-05 06:24:54'),
(1026, 'aurongojeblishad@gmail.com', 'the', 'Gothic', '2024-11-05 06:24:54'),
(1027, 'aurongojeblishad@gmail.com', 'the', 'Epic Fantasy', '2024-11-05 06:24:54'),
(1028, 'aurongojeblishad@gmail.com', 'the', 'Classic Fiction', '2024-11-05 06:24:54'),
(1029, 'aurongojeblishad@gmail.com', 'the', 'Drama', '2024-11-05 06:24:54'),
(1030, 'aurongojeblishad@gmail.com', 'the', 'Adventure', '2024-11-05 06:24:54'),
(1031, 'aurongojeblishad@gmail.com', 'the', 'Classic', '2024-11-05 06:24:54'),
(1032, 'aurongojeblishad@gmail.com', 'the', 'Romance', '2024-11-05 06:24:54'),
(1033, 'aurongojeblishad@gmail.com', 'the', 'Philosophical Fiction', '2024-11-05 06:24:54'),
(1034, 'aurongojeblishad@gmail.com', 'the', 'Gothic Fiction', '2024-11-05 06:24:54'),
(1035, 'aurongojeblishad@gmail.com', 'the', 'Romance', '2024-11-05 06:24:54'),
(1036, 'aurongojeblishad@gmail.com', 'the', 'Philosophical Fiction', '2024-11-05 06:24:54'),
(1037, 'aurongojeblishad@gmail.com', 'the', 'Realism', '2024-11-05 06:24:54'),
(1038, 'aurongojeblishad@gmail.com', 'the', 'Existentialism', '2024-11-05 06:24:54'),
(1039, 'aurongojeblishad@gmail.com', 'the', 'Drama', '2024-11-05 06:26:28'),
(1040, 'aurongojeblishad@gmail.com', 'the', 'Classic Literature', '2024-11-05 06:26:28'),
(1041, 'aurongojeblishad@gmail.com', 'the', 'Fantasy', '2024-11-05 06:26:28'),
(1042, 'aurongojeblishad@gmail.com', 'the', 'Gothic', '2024-11-05 06:26:28'),
(1043, 'aurongojeblishad@gmail.com', 'the', 'Epic Fantasy', '2024-11-05 06:26:28'),
(1044, 'aurongojeblishad@gmail.com', 'the', 'Classic Fiction', '2024-11-05 06:26:28'),
(1045, 'aurongojeblishad@gmail.com', 'the', 'Drama', '2024-11-05 06:26:28'),
(1046, 'aurongojeblishad@gmail.com', 'the', 'Adventure', '2024-11-05 06:26:28'),
(1047, 'aurongojeblishad@gmail.com', 'the', 'Classic', '2024-11-05 06:26:28'),
(1048, 'aurongojeblishad@gmail.com', 'the', 'Romance', '2024-11-05 06:26:28'),
(1049, 'aurongojeblishad@gmail.com', 'the', 'Philosophical Fiction', '2024-11-05 06:26:28'),
(1050, 'aurongojeblishad@gmail.com', 'the', 'Gothic Fiction', '2024-11-05 06:26:28'),
(1051, 'aurongojeblishad@gmail.com', 'the', 'Romance', '2024-11-05 06:26:28'),
(1052, 'aurongojeblishad@gmail.com', 'the', 'Philosophical Fiction', '2024-11-05 06:26:28'),
(1053, 'aurongojeblishad@gmail.com', 'the', 'Realism', '2024-11-05 06:26:28'),
(1054, 'aurongojeblishad@gmail.com', 'the', 'Existentialism', '2024-11-05 06:26:28'),
(1055, 'aurongojeblishad02@gmail.com', 'the', 'Drama', '2024-11-05 06:30:33'),
(1056, 'aurongojeblishad02@gmail.com', 'the', 'Classic Literature', '2024-11-05 06:30:33'),
(1057, 'aurongojeblishad02@gmail.com', 'the', 'Fantasy', '2024-11-05 06:30:33'),
(1058, 'aurongojeblishad02@gmail.com', 'the', 'Gothic', '2024-11-05 06:30:33'),
(1059, 'aurongojeblishad02@gmail.com', 'the', 'Epic Fantasy', '2024-11-05 06:30:33'),
(1060, 'aurongojeblishad02@gmail.com', 'the', 'Classic Fiction', '2024-11-05 06:30:33'),
(1061, 'aurongojeblishad02@gmail.com', 'the', 'Drama', '2024-11-05 06:30:33'),
(1062, 'aurongojeblishad02@gmail.com', 'the', 'Adventure', '2024-11-05 06:30:33'),
(1063, 'aurongojeblishad02@gmail.com', 'the', 'Classic', '2024-11-05 06:30:33'),
(1064, 'aurongojeblishad02@gmail.com', 'the', 'Romance', '2024-11-05 06:30:33'),
(1065, 'aurongojeblishad02@gmail.com', 'the', 'Philosophical Fiction', '2024-11-05 06:30:33'),
(1066, 'aurongojeblishad02@gmail.com', 'the', 'Gothic Fiction', '2024-11-05 06:30:33'),
(1067, 'aurongojeblishad02@gmail.com', 'the', 'Romance', '2024-11-05 06:30:33'),
(1068, 'aurongojeblishad02@gmail.com', 'the', 'Philosophical Fiction', '2024-11-05 06:30:33'),
(1069, 'aurongojeblishad02@gmail.com', 'the', 'Realism', '2024-11-05 06:30:33'),
(1070, 'aurongojeblishad02@gmail.com', 'the', 'Existentialism', '2024-11-05 06:30:33'),
(1071, 'aurongozeblishad@gmail.com', 'the', 'Drama', '2024-11-05 06:31:22'),
(1072, 'aurongozeblishad@gmail.com', 'the', 'Classic Literature', '2024-11-05 06:31:22'),
(1073, 'aurongozeblishad@gmail.com', 'the', 'Fantasy', '2024-11-05 06:31:22'),
(1074, 'aurongozeblishad@gmail.com', 'the', 'Gothic', '2024-11-05 06:31:22'),
(1075, 'aurongozeblishad@gmail.com', 'the', 'Epic Fantasy', '2024-11-05 06:31:22'),
(1076, 'aurongozeblishad@gmail.com', 'the', 'Classic Fiction', '2024-11-05 06:31:22'),
(1077, 'aurongozeblishad@gmail.com', 'the', 'Drama', '2024-11-05 06:31:22'),
(1078, 'aurongozeblishad@gmail.com', 'the', 'Adventure', '2024-11-05 06:31:22'),
(1079, 'aurongozeblishad@gmail.com', 'the', 'Classic', '2024-11-05 06:31:22'),
(1080, 'aurongozeblishad@gmail.com', 'the', 'Romance', '2024-11-05 06:31:22'),
(1081, 'aurongozeblishad@gmail.com', 'the', 'Philosophical Fiction', '2024-11-05 06:31:22'),
(1082, 'aurongozeblishad@gmail.com', 'the', 'Gothic Fiction', '2024-11-05 06:31:22'),
(1083, 'aurongozeblishad@gmail.com', 'the', 'Romance', '2024-11-05 06:31:22'),
(1084, 'aurongozeblishad@gmail.com', 'the', 'Philosophical Fiction', '2024-11-05 06:31:22'),
(1085, 'aurongozeblishad@gmail.com', 'the', 'Realism', '2024-11-05 06:31:22'),
(1086, 'aurongozeblishad@gmail.com', 'the', 'Existentialism', '2024-11-05 06:31:22'),
(1087, 'aurongojeblishad@gmail.com', 'the', 'Drama', '2024-11-05 06:33:01'),
(1088, 'aurongojeblishad@gmail.com', 'the', 'Classic Literature', '2024-11-05 06:33:01'),
(1089, 'aurongojeblishad@gmail.com', 'the', 'Fantasy', '2024-11-05 06:33:01'),
(1090, 'aurongojeblishad@gmail.com', 'the', 'Gothic', '2024-11-05 06:33:01'),
(1091, 'aurongojeblishad@gmail.com', 'the', 'Epic Fantasy', '2024-11-05 06:33:01'),
(1092, 'aurongojeblishad@gmail.com', 'the', 'Classic Fiction', '2024-11-05 06:33:01'),
(1093, 'aurongojeblishad@gmail.com', 'the', 'Drama', '2024-11-05 06:33:01'),
(1094, 'aurongojeblishad@gmail.com', 'the', 'Adventure', '2024-11-05 06:33:01'),
(1095, 'aurongojeblishad@gmail.com', 'the', 'Classic', '2024-11-05 06:33:01'),
(1096, 'aurongojeblishad@gmail.com', 'the', 'Romance', '2024-11-05 06:33:01'),
(1097, 'aurongojeblishad@gmail.com', 'the', 'Philosophical Fiction', '2024-11-05 06:33:01'),
(1098, 'aurongojeblishad@gmail.com', 'the', 'Gothic Fiction', '2024-11-05 06:33:01'),
(1099, 'aurongojeblishad@gmail.com', 'the', 'Romance', '2024-11-05 06:33:01'),
(1100, 'aurongojeblishad@gmail.com', 'the', 'Philosophical Fiction', '2024-11-05 06:33:01'),
(1101, 'aurongojeblishad@gmail.com', 'the', 'Realism', '2024-11-05 06:33:01'),
(1102, 'aurongojeblishad@gmail.com', 'the', 'Existentialism', '2024-11-05 06:33:01'),
(1103, 'aurongojeblishad@gmail.com', 'the', 'Drama', '2024-11-05 06:34:50'),
(1104, 'aurongojeblishad@gmail.com', 'the', 'Classic Literature', '2024-11-05 06:34:50'),
(1105, 'aurongojeblishad@gmail.com', 'the', 'Fantasy', '2024-11-05 06:34:50'),
(1106, 'aurongojeblishad@gmail.com', 'the', 'Gothic', '2024-11-05 06:34:50'),
(1107, 'aurongojeblishad@gmail.com', 'the', 'Epic Fantasy', '2024-11-05 06:34:50'),
(1108, 'aurongojeblishad@gmail.com', 'the', 'Classic Fiction', '2024-11-05 06:34:50'),
(1109, 'aurongojeblishad@gmail.com', 'the', 'Drama', '2024-11-05 06:34:50'),
(1110, 'aurongojeblishad@gmail.com', 'the', 'Adventure', '2024-11-05 06:34:50'),
(1111, 'aurongojeblishad@gmail.com', 'the', 'Classic', '2024-11-05 06:34:50'),
(1112, 'aurongojeblishad@gmail.com', 'the', 'Romance', '2024-11-05 06:34:50'),
(1113, 'aurongojeblishad@gmail.com', 'the', 'Philosophical Fiction', '2024-11-05 06:34:50'),
(1114, 'aurongojeblishad@gmail.com', 'the', 'Gothic Fiction', '2024-11-05 06:34:50'),
(1115, 'aurongojeblishad@gmail.com', 'the', 'Romance', '2024-11-05 06:34:50'),
(1116, 'aurongojeblishad@gmail.com', 'the', 'Philosophical Fiction', '2024-11-05 06:34:50'),
(1117, 'aurongojeblishad@gmail.com', 'the', 'Realism', '2024-11-05 06:34:50'),
(1118, 'aurongojeblishad@gmail.com', 'the', 'Existentialism', '2024-11-05 06:34:50'),
(1119, 'aurongojeblishad@gmail.com', 'the', 'Drama', '2024-11-05 06:40:04'),
(1120, 'aurongojeblishad@gmail.com', 'the', 'Classic Literature', '2024-11-05 06:40:04'),
(1121, 'aurongojeblishad@gmail.com', 'the', 'Fantasy', '2024-11-05 06:40:04'),
(1122, 'aurongojeblishad@gmail.com', 'the', 'Gothic', '2024-11-05 06:40:04'),
(1123, 'aurongojeblishad@gmail.com', 'the', 'Epic Fantasy', '2024-11-05 06:40:04'),
(1124, 'aurongojeblishad@gmail.com', 'the', 'Classic Fiction', '2024-11-05 06:40:04'),
(1125, 'aurongojeblishad@gmail.com', 'the', 'Drama', '2024-11-05 06:40:04'),
(1126, 'aurongojeblishad@gmail.com', 'the', 'Adventure', '2024-11-05 06:40:04'),
(1127, 'aurongojeblishad@gmail.com', 'the', 'Classic', '2024-11-05 06:40:04'),
(1128, 'aurongojeblishad@gmail.com', 'the', 'Romance', '2024-11-05 06:40:04'),
(1129, 'aurongojeblishad@gmail.com', 'the', 'Philosophical Fiction', '2024-11-05 06:40:04'),
(1130, 'aurongojeblishad@gmail.com', 'the', 'Gothic Fiction', '2024-11-05 06:40:04'),
(1131, 'aurongojeblishad@gmail.com', 'the', 'Romance', '2024-11-05 06:40:04'),
(1132, 'aurongojeblishad@gmail.com', 'the', 'Philosophical Fiction', '2024-11-05 06:40:04'),
(1133, 'aurongojeblishad@gmail.com', 'the', 'Realism', '2024-11-05 06:40:04'),
(1134, 'aurongojeblishad@gmail.com', 'the', 'Existentialism', '2024-11-05 06:40:04'),
(1135, 'aurongojeblishad@gmail.com', '1984', 'Realism', '2024-11-05 06:40:16'),
(1136, 'aurongojeblishad@gmail.com', '1984', 'Realism', '2024-11-05 06:47:02'),
(1137, 'aurongojeblishad@gmail.com', 'the', 'Drama', '2024-11-05 06:47:16'),
(1138, 'aurongojeblishad@gmail.com', 'the', 'Classic Literature', '2024-11-05 06:47:16'),
(1139, 'aurongojeblishad@gmail.com', 'the', 'Fantasy', '2024-11-05 06:47:16'),
(1140, 'aurongojeblishad@gmail.com', 'the', 'Gothic', '2024-11-05 06:47:16'),
(1141, 'aurongojeblishad@gmail.com', 'the', 'Epic Fantasy', '2024-11-05 06:47:16'),
(1142, 'aurongojeblishad@gmail.com', 'the', 'Classic Fiction', '2024-11-05 06:47:16'),
(1143, 'aurongojeblishad@gmail.com', 'the', 'Drama', '2024-11-05 06:47:16'),
(1144, 'aurongojeblishad@gmail.com', 'the', 'Adventure', '2024-11-05 06:47:16'),
(1145, 'aurongojeblishad@gmail.com', 'the', 'Classic', '2024-11-05 06:47:16'),
(1146, 'aurongojeblishad@gmail.com', 'the', 'Romance', '2024-11-05 06:47:16'),
(1147, 'aurongojeblishad@gmail.com', 'the', 'Philosophical Fiction', '2024-11-05 06:47:16'),
(1148, 'aurongojeblishad@gmail.com', 'the', 'Gothic Fiction', '2024-11-05 06:47:16'),
(1149, 'aurongojeblishad@gmail.com', 'the', 'Romance', '2024-11-05 06:47:16'),
(1150, 'aurongojeblishad@gmail.com', 'the', 'Philosophical Fiction', '2024-11-05 06:47:16'),
(1151, 'aurongojeblishad@gmail.com', 'the', 'Realism', '2024-11-05 06:47:16'),
(1152, 'aurongojeblishad@gmail.com', 'the', 'Existentialism', '2024-11-05 06:47:16'),
(1153, 'aurongojeblishad@gmail.com', 'the', 'Drama', '2024-11-05 06:48:32'),
(1154, 'aurongojeblishad@gmail.com', 'the', 'Classic Literature', '2024-11-05 06:48:32'),
(1155, 'aurongojeblishad@gmail.com', 'the', 'Fantasy', '2024-11-05 06:48:32'),
(1156, 'aurongojeblishad@gmail.com', 'the', 'Gothic', '2024-11-05 06:48:32'),
(1157, 'aurongojeblishad@gmail.com', 'the', 'Epic Fantasy', '2024-11-05 06:48:32'),
(1158, 'aurongojeblishad@gmail.com', 'the', 'Classic Fiction', '2024-11-05 06:48:32'),
(1159, 'aurongojeblishad@gmail.com', 'the', 'Drama', '2024-11-05 06:48:32'),
(1160, 'aurongojeblishad@gmail.com', 'the', 'Adventure', '2024-11-05 06:48:32'),
(1161, 'aurongojeblishad@gmail.com', 'the', 'Classic', '2024-11-05 06:48:32'),
(1162, 'aurongojeblishad@gmail.com', 'the', 'Romance', '2024-11-05 06:48:32'),
(1163, 'aurongojeblishad@gmail.com', 'the', 'Philosophical Fiction', '2024-11-05 06:48:32'),
(1164, 'aurongojeblishad@gmail.com', 'the', 'Gothic Fiction', '2024-11-05 06:48:32'),
(1165, 'aurongojeblishad@gmail.com', 'the', 'Romance', '2024-11-05 06:48:32'),
(1166, 'aurongojeblishad@gmail.com', 'the', 'Philosophical Fiction', '2024-11-05 06:48:32'),
(1167, 'aurongojeblishad@gmail.com', 'the', 'Realism', '2024-11-05 06:48:32'),
(1168, 'aurongojeblishad@gmail.com', 'the', 'Existentialism', '2024-11-05 06:48:32'),
(1169, 'aurongojeblishad@gmail.com', 'the', 'Drama', '2024-11-05 06:49:46'),
(1170, 'aurongojeblishad@gmail.com', 'the', 'Classic Literature', '2024-11-05 06:49:46'),
(1171, 'aurongojeblishad@gmail.com', 'the', 'Fantasy', '2024-11-05 06:49:46'),
(1172, 'aurongojeblishad@gmail.com', 'the', 'Gothic', '2024-11-05 06:49:46'),
(1173, 'aurongojeblishad@gmail.com', 'the', 'Epic Fantasy', '2024-11-05 06:49:46'),
(1174, 'aurongojeblishad@gmail.com', 'the', 'Classic Fiction', '2024-11-05 06:49:46'),
(1175, 'aurongojeblishad@gmail.com', 'the', 'Drama', '2024-11-05 06:49:46'),
(1176, 'aurongojeblishad@gmail.com', 'the', 'Adventure', '2024-11-05 06:49:46'),
(1177, 'aurongojeblishad@gmail.com', 'the', 'Classic', '2024-11-05 06:49:46'),
(1178, 'aurongojeblishad@gmail.com', 'the', 'Romance', '2024-11-05 06:49:46'),
(1179, 'aurongojeblishad@gmail.com', 'the', 'Philosophical Fiction', '2024-11-05 06:49:46'),
(1180, 'aurongojeblishad@gmail.com', 'the', 'Gothic Fiction', '2024-11-05 06:49:46'),
(1181, 'aurongojeblishad@gmail.com', 'the', 'Romance', '2024-11-05 06:49:46'),
(1182, 'aurongojeblishad@gmail.com', 'the', 'Philosophical Fiction', '2024-11-05 06:49:46'),
(1183, 'aurongojeblishad@gmail.com', 'the', 'Realism', '2024-11-05 06:49:46'),
(1184, 'aurongojeblishad@gmail.com', 'the', 'Existentialism', '2024-11-05 06:49:46'),
(1185, 'aurongojeblishad@gmail.com', 'the', 'Drama', '2024-11-05 06:50:56'),
(1186, 'aurongojeblishad@gmail.com', 'the', 'Classic Literature', '2024-11-05 06:50:56'),
(1187, 'aurongojeblishad@gmail.com', 'the', 'Fantasy', '2024-11-05 06:50:56'),
(1188, 'aurongojeblishad@gmail.com', 'the', 'Gothic', '2024-11-05 06:50:56'),
(1189, 'aurongojeblishad@gmail.com', 'the', 'Epic Fantasy', '2024-11-05 06:50:56'),
(1190, 'aurongojeblishad@gmail.com', 'the', 'Classic Fiction', '2024-11-05 06:50:56'),
(1191, 'aurongojeblishad@gmail.com', 'the', 'Drama', '2024-11-05 06:50:56'),
(1192, 'aurongojeblishad@gmail.com', 'the', 'Adventure', '2024-11-05 06:50:56'),
(1193, 'aurongojeblishad@gmail.com', 'the', 'Classic', '2024-11-05 06:50:56'),
(1194, 'aurongojeblishad@gmail.com', 'the', 'Romance', '2024-11-05 06:50:56'),
(1195, 'aurongojeblishad@gmail.com', 'the', 'Philosophical Fiction', '2024-11-05 06:50:56'),
(1196, 'aurongojeblishad@gmail.com', 'the', 'Gothic Fiction', '2024-11-05 06:50:56'),
(1197, 'aurongojeblishad@gmail.com', 'the', 'Romance', '2024-11-05 06:50:56'),
(1198, 'aurongojeblishad@gmail.com', 'the', 'Philosophical Fiction', '2024-11-05 06:50:56'),
(1199, 'aurongojeblishad@gmail.com', 'the', 'Realism', '2024-11-05 06:50:56'),
(1200, 'aurongojeblishad@gmail.com', 'the', 'Existentialism', '2024-11-05 06:50:56'),
(1201, 'aurongojeblishad@gmail.com', 'the', 'Drama', '2024-11-05 06:52:30'),
(1202, 'aurongojeblishad@gmail.com', 'the', 'Classic Literature', '2024-11-05 06:52:30'),
(1203, 'aurongojeblishad@gmail.com', 'the', 'Fantasy', '2024-11-05 06:52:30'),
(1204, 'aurongojeblishad@gmail.com', 'the', 'Gothic', '2024-11-05 06:52:30'),
(1205, 'aurongojeblishad@gmail.com', 'the', 'Epic Fantasy', '2024-11-05 06:52:30'),
(1206, 'aurongojeblishad@gmail.com', 'the', 'Classic Fiction', '2024-11-05 06:52:30'),
(1207, 'aurongojeblishad@gmail.com', 'the', 'Drama', '2024-11-05 06:52:30'),
(1208, 'aurongojeblishad@gmail.com', 'the', 'Adventure', '2024-11-05 06:52:30'),
(1209, 'aurongojeblishad@gmail.com', 'the', 'Classic', '2024-11-05 06:52:30'),
(1210, 'aurongojeblishad@gmail.com', 'the', 'Romance', '2024-11-05 06:52:30'),
(1211, 'aurongojeblishad@gmail.com', 'the', 'Philosophical Fiction', '2024-11-05 06:52:30'),
(1212, 'aurongojeblishad@gmail.com', 'the', 'Gothic Fiction', '2024-11-05 06:52:30'),
(1213, 'aurongojeblishad@gmail.com', 'the', 'Romance', '2024-11-05 06:52:30'),
(1214, 'aurongojeblishad@gmail.com', 'the', 'Philosophical Fiction', '2024-11-05 06:52:30'),
(1215, 'aurongojeblishad@gmail.com', 'the', 'Realism', '2024-11-05 06:52:30'),
(1216, 'aurongojeblishad@gmail.com', 'the', 'Existentialism', '2024-11-05 06:52:30'),
(1217, 'aurongojeblishad@gmail.com', 'the', 'Drama', '2024-11-05 06:52:51'),
(1218, 'aurongojeblishad@gmail.com', 'the', 'Classic Literature', '2024-11-05 06:52:51'),
(1219, 'aurongojeblishad@gmail.com', 'the', 'Fantasy', '2024-11-05 06:52:51'),
(1220, 'aurongojeblishad@gmail.com', 'the', 'Gothic', '2024-11-05 06:52:51'),
(1221, 'aurongojeblishad@gmail.com', 'the', 'Epic Fantasy', '2024-11-05 06:52:51'),
(1222, 'aurongojeblishad@gmail.com', 'the', 'Classic Fiction', '2024-11-05 06:52:51'),
(1223, 'aurongojeblishad@gmail.com', 'the', 'Drama', '2024-11-05 06:52:51'),
(1224, 'aurongojeblishad@gmail.com', 'the', 'Adventure', '2024-11-05 06:52:51'),
(1225, 'aurongojeblishad@gmail.com', 'the', 'Classic', '2024-11-05 06:52:51'),
(1226, 'aurongojeblishad@gmail.com', 'the', 'Romance', '2024-11-05 06:52:51'),
(1227, 'aurongojeblishad@gmail.com', 'the', 'Philosophical Fiction', '2024-11-05 06:52:51'),
(1228, 'aurongojeblishad@gmail.com', 'the', 'Gothic Fiction', '2024-11-05 06:52:51'),
(1229, 'aurongojeblishad@gmail.com', 'the', 'Romance', '2024-11-05 06:52:51'),
(1230, 'aurongojeblishad@gmail.com', 'the', 'Philosophical Fiction', '2024-11-05 06:52:51');
INSERT INTO `search_history` (`id`, `user_email`, `search_term`, `genre`, `search_time`) VALUES
(1231, 'aurongojeblishad@gmail.com', 'the', 'Realism', '2024-11-05 06:52:51'),
(1232, 'aurongojeblishad@gmail.com', 'the', 'Existentialism', '2024-11-05 06:52:51'),
(1233, 'aurongojeblishad@gmail.com', 'the', 'Drama', '2024-11-05 09:08:41'),
(1234, 'aurongojeblishad@gmail.com', 'the', 'Classic Literature', '2024-11-05 09:08:41'),
(1235, 'aurongojeblishad@gmail.com', 'the', 'Fantasy', '2024-11-05 09:08:41'),
(1236, 'aurongojeblishad@gmail.com', 'the', 'Gothic', '2024-11-05 09:08:41'),
(1237, 'aurongojeblishad@gmail.com', 'the', 'Epic Fantasy', '2024-11-05 09:08:41'),
(1238, 'aurongojeblishad@gmail.com', 'the', 'Classic Fiction', '2024-11-05 09:08:41'),
(1239, 'aurongojeblishad@gmail.com', 'the', 'Drama', '2024-11-05 09:08:41'),
(1240, 'aurongojeblishad@gmail.com', 'the', 'Adventure', '2024-11-05 09:08:41'),
(1241, 'aurongojeblishad@gmail.com', 'the', 'Classic', '2024-11-05 09:08:41'),
(1242, 'aurongojeblishad@gmail.com', 'the', 'Romance', '2024-11-05 09:08:41'),
(1243, 'aurongojeblishad@gmail.com', 'the', 'Philosophical Fiction', '2024-11-05 09:08:41'),
(1244, 'aurongojeblishad@gmail.com', 'the', 'Gothic Fiction', '2024-11-05 09:08:41'),
(1245, 'aurongojeblishad@gmail.com', 'the', 'Romance', '2024-11-05 09:08:41'),
(1246, 'aurongojeblishad@gmail.com', 'the', 'Philosophical Fiction', '2024-11-05 09:08:41'),
(1247, 'aurongojeblishad@gmail.com', 'the', 'Realism', '2024-11-05 09:08:41'),
(1248, 'aurongojeblishad@gmail.com', 'the', 'Existentialism', '2024-11-05 09:08:41'),
(1249, 'aurongojeblishad02@gmail.com', 'the', 'Drama', '2024-11-05 09:11:11'),
(1250, 'aurongojeblishad02@gmail.com', 'the', 'Classic Literature', '2024-11-05 09:11:11'),
(1251, 'aurongojeblishad02@gmail.com', 'the', 'Fantasy', '2024-11-05 09:11:11'),
(1252, 'aurongojeblishad02@gmail.com', 'the', 'Gothic', '2024-11-05 09:11:11'),
(1253, 'aurongojeblishad02@gmail.com', 'the', 'Epic Fantasy', '2024-11-05 09:11:11'),
(1254, 'aurongojeblishad02@gmail.com', 'the', 'Classic Fiction', '2024-11-05 09:11:11'),
(1255, 'aurongojeblishad02@gmail.com', 'the', 'Drama', '2024-11-05 09:11:11'),
(1256, 'aurongojeblishad02@gmail.com', 'the', 'Adventure', '2024-11-05 09:11:11'),
(1257, 'aurongojeblishad02@gmail.com', 'the', 'Classic', '2024-11-05 09:11:11'),
(1258, 'aurongojeblishad02@gmail.com', 'the', 'Romance', '2024-11-05 09:11:11'),
(1259, 'aurongojeblishad02@gmail.com', 'the', 'Philosophical Fiction', '2024-11-05 09:11:11'),
(1260, 'aurongojeblishad02@gmail.com', 'the', 'Gothic Fiction', '2024-11-05 09:11:11'),
(1261, 'aurongojeblishad02@gmail.com', 'the', 'Romance', '2024-11-05 09:11:11'),
(1262, 'aurongojeblishad02@gmail.com', 'the', 'Philosophical Fiction', '2024-11-05 09:11:11'),
(1263, 'aurongojeblishad02@gmail.com', 'the', 'Realism', '2024-11-05 09:11:11'),
(1264, 'aurongojeblishad02@gmail.com', 'the', 'Existentialism', '2024-11-05 09:11:11'),
(1265, 'aurongozeblishad@gmail.com', 'the', 'Drama', '2024-11-05 09:12:07'),
(1266, 'aurongozeblishad@gmail.com', 'the', 'Classic Literature', '2024-11-05 09:12:07'),
(1267, 'aurongozeblishad@gmail.com', 'the', 'Fantasy', '2024-11-05 09:12:07'),
(1268, 'aurongozeblishad@gmail.com', 'the', 'Gothic', '2024-11-05 09:12:07'),
(1269, 'aurongozeblishad@gmail.com', 'the', 'Epic Fantasy', '2024-11-05 09:12:07'),
(1270, 'aurongozeblishad@gmail.com', 'the', 'Classic Fiction', '2024-11-05 09:12:07'),
(1271, 'aurongozeblishad@gmail.com', 'the', 'Drama', '2024-11-05 09:12:07'),
(1272, 'aurongozeblishad@gmail.com', 'the', 'Adventure', '2024-11-05 09:12:07'),
(1273, 'aurongozeblishad@gmail.com', 'the', 'Classic', '2024-11-05 09:12:07'),
(1274, 'aurongozeblishad@gmail.com', 'the', 'Romance', '2024-11-05 09:12:07'),
(1275, 'aurongozeblishad@gmail.com', 'the', 'Philosophical Fiction', '2024-11-05 09:12:07'),
(1276, 'aurongozeblishad@gmail.com', 'the', 'Gothic Fiction', '2024-11-05 09:12:07'),
(1277, 'aurongozeblishad@gmail.com', 'the', 'Romance', '2024-11-05 09:12:07'),
(1278, 'aurongozeblishad@gmail.com', 'the', 'Philosophical Fiction', '2024-11-05 09:12:07'),
(1279, 'aurongozeblishad@gmail.com', 'the', 'Realism', '2024-11-05 09:12:07'),
(1280, 'aurongozeblishad@gmail.com', 'the', 'Existentialism', '2024-11-05 09:12:07'),
(1281, 'aurongojeblishad@gmail.com', 'the', 'Drama', '2024-11-05 09:13:42'),
(1282, 'aurongojeblishad@gmail.com', 'the', 'Classic Literature', '2024-11-05 09:13:42'),
(1283, 'aurongojeblishad@gmail.com', 'the', 'Fantasy', '2024-11-05 09:13:42'),
(1284, 'aurongojeblishad@gmail.com', 'the', 'Gothic', '2024-11-05 09:13:42'),
(1285, 'aurongojeblishad@gmail.com', 'the', 'Epic Fantasy', '2024-11-05 09:13:42'),
(1286, 'aurongojeblishad@gmail.com', 'the', 'Classic Fiction', '2024-11-05 09:13:42'),
(1287, 'aurongojeblishad@gmail.com', 'the', 'Drama', '2024-11-05 09:13:42'),
(1288, 'aurongojeblishad@gmail.com', 'the', 'Adventure', '2024-11-05 09:13:42'),
(1289, 'aurongojeblishad@gmail.com', 'the', 'Classic', '2024-11-05 09:13:42'),
(1290, 'aurongojeblishad@gmail.com', 'the', 'Romance', '2024-11-05 09:13:42'),
(1291, 'aurongojeblishad@gmail.com', 'the', 'Philosophical Fiction', '2024-11-05 09:13:42'),
(1292, 'aurongojeblishad@gmail.com', 'the', 'Gothic Fiction', '2024-11-05 09:13:42'),
(1293, 'aurongojeblishad@gmail.com', 'the', 'Romance', '2024-11-05 09:13:42'),
(1294, 'aurongojeblishad@gmail.com', 'the', 'Philosophical Fiction', '2024-11-05 09:13:42'),
(1295, 'aurongojeblishad@gmail.com', 'the', 'Realism', '2024-11-05 09:13:42'),
(1296, 'aurongojeblishad@gmail.com', 'the', 'Existentialism', '2024-11-05 09:13:42'),
(1297, 'aurongojeblishad@gmail.com', 'the', 'Drama', '2024-11-05 09:17:42'),
(1298, 'aurongojeblishad@gmail.com', 'the', 'Classic Literature', '2024-11-05 09:17:42'),
(1299, 'aurongojeblishad@gmail.com', 'the', 'Fantasy', '2024-11-05 09:17:42'),
(1300, 'aurongojeblishad@gmail.com', 'the', 'Gothic', '2024-11-05 09:17:42'),
(1301, 'aurongojeblishad@gmail.com', 'the', 'Epic Fantasy', '2024-11-05 09:17:42'),
(1302, 'aurongojeblishad@gmail.com', 'the', 'Classic Fiction', '2024-11-05 09:17:42'),
(1303, 'aurongojeblishad@gmail.com', 'the', 'Drama', '2024-11-05 09:17:42'),
(1304, 'aurongojeblishad@gmail.com', 'the', 'Adventure', '2024-11-05 09:17:42'),
(1305, 'aurongojeblishad@gmail.com', 'the', 'Classic', '2024-11-05 09:17:42'),
(1306, 'aurongojeblishad@gmail.com', 'the', 'Romance', '2024-11-05 09:17:42'),
(1307, 'aurongojeblishad@gmail.com', 'the', 'Philosophical Fiction', '2024-11-05 09:17:42'),
(1308, 'aurongojeblishad@gmail.com', 'the', 'Gothic Fiction', '2024-11-05 09:17:42'),
(1309, 'aurongojeblishad@gmail.com', 'the', 'Romance', '2024-11-05 09:17:42'),
(1310, 'aurongojeblishad@gmail.com', 'the', 'Philosophical Fiction', '2024-11-05 09:17:42'),
(1311, 'aurongojeblishad@gmail.com', 'the', 'Realism', '2024-11-05 09:17:42'),
(1312, 'aurongojeblishad@gmail.com', 'the', 'Existentialism', '2024-11-05 09:17:42'),
(1313, 'adnanarafat007@gmail.com', 'the', 'Drama', '2024-11-05 09:23:23'),
(1314, 'adnanarafat007@gmail.com', 'the', 'Classic Literature', '2024-11-05 09:23:23'),
(1315, 'adnanarafat007@gmail.com', 'the', 'Fantasy', '2024-11-05 09:23:23'),
(1316, 'adnanarafat007@gmail.com', 'the', 'Gothic', '2024-11-05 09:23:23'),
(1317, 'adnanarafat007@gmail.com', 'the', 'Epic Fantasy', '2024-11-05 09:23:23'),
(1318, 'adnanarafat007@gmail.com', 'the', 'Classic Fiction', '2024-11-05 09:23:23'),
(1319, 'adnanarafat007@gmail.com', 'the', 'Drama', '2024-11-05 09:23:23'),
(1320, 'adnanarafat007@gmail.com', 'the', 'Adventure', '2024-11-05 09:23:23'),
(1321, 'adnanarafat007@gmail.com', 'the', 'Classic', '2024-11-05 09:23:23'),
(1322, 'adnanarafat007@gmail.com', 'the', 'Romance', '2024-11-05 09:23:23'),
(1323, 'adnanarafat007@gmail.com', 'the', 'Philosophical Fiction', '2024-11-05 09:23:23'),
(1324, 'adnanarafat007@gmail.com', 'the', 'Gothic Fiction', '2024-11-05 09:23:23'),
(1325, 'adnanarafat007@gmail.com', 'the', 'Romance', '2024-11-05 09:23:23'),
(1326, 'adnanarafat007@gmail.com', 'the', 'Philosophical Fiction', '2024-11-05 09:23:23'),
(1327, 'adnanarafat007@gmail.com', 'the', 'Realism', '2024-11-05 09:23:23'),
(1328, 'adnanarafat007@gmail.com', 'the', 'Existentialism', '2024-11-05 09:23:23'),
(1329, 'aurongojeblishad02@gmail.com', 'the', 'Drama', '2024-11-05 09:26:09'),
(1330, 'aurongojeblishad02@gmail.com', 'the', 'Classic Literature', '2024-11-05 09:26:09'),
(1331, 'aurongojeblishad02@gmail.com', 'the', 'Fantasy', '2024-11-05 09:26:09'),
(1332, 'aurongojeblishad02@gmail.com', 'the', 'Gothic', '2024-11-05 09:26:09'),
(1333, 'aurongojeblishad02@gmail.com', 'the', 'Epic Fantasy', '2024-11-05 09:26:09'),
(1334, 'aurongojeblishad02@gmail.com', 'the', 'Classic Fiction', '2024-11-05 09:26:09'),
(1335, 'aurongojeblishad02@gmail.com', 'the', 'Drama', '2024-11-05 09:26:09'),
(1336, 'aurongojeblishad02@gmail.com', 'the', 'Adventure', '2024-11-05 09:26:09'),
(1337, 'aurongojeblishad02@gmail.com', 'the', 'Classic', '2024-11-05 09:26:09'),
(1338, 'aurongojeblishad02@gmail.com', 'the', 'Romance', '2024-11-05 09:26:09'),
(1339, 'aurongojeblishad02@gmail.com', 'the', 'Philosophical Fiction', '2024-11-05 09:26:09'),
(1340, 'aurongojeblishad02@gmail.com', 'the', 'Gothic Fiction', '2024-11-05 09:26:09'),
(1341, 'aurongojeblishad02@gmail.com', 'the', 'Romance', '2024-11-05 09:26:09'),
(1342, 'aurongojeblishad02@gmail.com', 'the', 'Philosophical Fiction', '2024-11-05 09:26:09'),
(1343, 'aurongojeblishad02@gmail.com', 'the', 'Realism', '2024-11-05 09:26:09'),
(1344, 'aurongojeblishad02@gmail.com', 'the', 'Existentialism', '2024-11-05 09:26:09'),
(1345, 'adnanarafat007@gmail.com', 'the', 'Drama', '2024-11-05 09:27:28'),
(1346, 'adnanarafat007@gmail.com', 'the', 'Classic Literature', '2024-11-05 09:27:28'),
(1347, 'adnanarafat007@gmail.com', 'the', 'Fantasy', '2024-11-05 09:27:28'),
(1348, 'adnanarafat007@gmail.com', 'the', 'Gothic', '2024-11-05 09:27:28'),
(1349, 'adnanarafat007@gmail.com', 'the', 'Epic Fantasy', '2024-11-05 09:27:28'),
(1350, 'adnanarafat007@gmail.com', 'the', 'Classic Fiction', '2024-11-05 09:27:28'),
(1351, 'adnanarafat007@gmail.com', 'the', 'Drama', '2024-11-05 09:27:28'),
(1352, 'adnanarafat007@gmail.com', 'the', 'Adventure', '2024-11-05 09:27:28'),
(1353, 'adnanarafat007@gmail.com', 'the', 'Classic', '2024-11-05 09:27:28'),
(1354, 'adnanarafat007@gmail.com', 'the', 'Romance', '2024-11-05 09:27:28'),
(1355, 'adnanarafat007@gmail.com', 'the', 'Philosophical Fiction', '2024-11-05 09:27:28'),
(1356, 'adnanarafat007@gmail.com', 'the', 'Gothic Fiction', '2024-11-05 09:27:28'),
(1357, 'adnanarafat007@gmail.com', 'the', 'Romance', '2024-11-05 09:27:28'),
(1358, 'adnanarafat007@gmail.com', 'the', 'Philosophical Fiction', '2024-11-05 09:27:28'),
(1359, 'adnanarafat007@gmail.com', 'the', 'Realism', '2024-11-05 09:27:28'),
(1360, 'adnanarafat007@gmail.com', 'the', 'Existentialism', '2024-11-05 09:27:28'),
(1361, 'aurongojeblishad@gmail.com', 'the', 'Drama', '2024-11-05 09:29:26'),
(1362, 'aurongojeblishad@gmail.com', 'the', 'Classic Literature', '2024-11-05 09:29:26'),
(1363, 'aurongojeblishad@gmail.com', 'the', 'Fantasy', '2024-11-05 09:29:26'),
(1364, 'aurongojeblishad@gmail.com', 'the', 'Gothic', '2024-11-05 09:29:26'),
(1365, 'aurongojeblishad@gmail.com', 'the', 'Epic Fantasy', '2024-11-05 09:29:26'),
(1366, 'aurongojeblishad@gmail.com', 'the', 'Classic Fiction', '2024-11-05 09:29:26'),
(1367, 'aurongojeblishad@gmail.com', 'the', 'Drama', '2024-11-05 09:29:26'),
(1368, 'aurongojeblishad@gmail.com', 'the', 'Adventure', '2024-11-05 09:29:26'),
(1369, 'aurongojeblishad@gmail.com', 'the', 'Classic', '2024-11-05 09:29:26'),
(1370, 'aurongojeblishad@gmail.com', 'the', 'Romance', '2024-11-05 09:29:26'),
(1371, 'aurongojeblishad@gmail.com', 'the', 'Philosophical Fiction', '2024-11-05 09:29:26'),
(1372, 'aurongojeblishad@gmail.com', 'the', 'Gothic Fiction', '2024-11-05 09:29:26'),
(1373, 'aurongojeblishad@gmail.com', 'the', 'Romance', '2024-11-05 09:29:26'),
(1374, 'aurongojeblishad@gmail.com', 'the', 'Philosophical Fiction', '2024-11-05 09:29:26'),
(1375, 'aurongojeblishad@gmail.com', 'the', 'Realism', '2024-11-05 09:29:26'),
(1376, 'aurongojeblishad@gmail.com', 'the', 'Existentialism', '2024-11-05 09:29:26'),
(1377, 'aurongojeblishad02@gmail.com', 'the', 'Drama', '2024-11-05 09:37:51'),
(1378, 'aurongojeblishad02@gmail.com', 'the', 'Classic Literature', '2024-11-05 09:37:51'),
(1379, 'aurongojeblishad02@gmail.com', 'the', 'Fantasy', '2024-11-05 09:37:51'),
(1380, 'aurongojeblishad02@gmail.com', 'the', 'Gothic', '2024-11-05 09:37:51'),
(1381, 'aurongojeblishad02@gmail.com', 'the', 'Epic Fantasy', '2024-11-05 09:37:51'),
(1382, 'aurongojeblishad02@gmail.com', 'the', 'Classic Fiction', '2024-11-05 09:37:51'),
(1383, 'aurongojeblishad02@gmail.com', 'the', 'Drama', '2024-11-05 09:37:51'),
(1384, 'aurongojeblishad02@gmail.com', 'the', 'Adventure', '2024-11-05 09:37:51'),
(1385, 'aurongojeblishad02@gmail.com', 'the', 'Classic', '2024-11-05 09:37:51'),
(1386, 'aurongojeblishad02@gmail.com', 'the', 'Romance', '2024-11-05 09:37:51'),
(1387, 'aurongojeblishad02@gmail.com', 'the', 'Philosophical Fiction', '2024-11-05 09:37:51'),
(1388, 'aurongojeblishad02@gmail.com', 'the', 'Gothic Fiction', '2024-11-05 09:37:51'),
(1389, 'aurongojeblishad02@gmail.com', 'the', 'Romance', '2024-11-05 09:37:51'),
(1390, 'aurongojeblishad02@gmail.com', 'the', 'Philosophical Fiction', '2024-11-05 09:37:51'),
(1391, 'aurongojeblishad02@gmail.com', 'the', 'Realism', '2024-11-05 09:37:51'),
(1392, 'aurongojeblishad02@gmail.com', 'the', 'Existentialism', '2024-11-05 09:37:51'),
(1393, 'aurongojeblishad@gmail.com', 'the', 'Drama', '2024-11-05 09:39:30'),
(1394, 'aurongojeblishad@gmail.com', 'the', 'Classic Literature', '2024-11-05 09:39:30'),
(1395, 'aurongojeblishad@gmail.com', 'the', 'Fantasy', '2024-11-05 09:39:30'),
(1396, 'aurongojeblishad@gmail.com', 'the', 'Gothic', '2024-11-05 09:39:30'),
(1397, 'aurongojeblishad@gmail.com', 'the', 'Epic Fantasy', '2024-11-05 09:39:30'),
(1398, 'aurongojeblishad@gmail.com', 'the', 'Classic Fiction', '2024-11-05 09:39:30'),
(1399, 'aurongojeblishad@gmail.com', 'the', 'Drama', '2024-11-05 09:39:30'),
(1400, 'aurongojeblishad@gmail.com', 'the', 'Adventure', '2024-11-05 09:39:30'),
(1401, 'aurongojeblishad@gmail.com', 'the', 'Classic', '2024-11-05 09:39:30'),
(1402, 'aurongojeblishad@gmail.com', 'the', 'Romance', '2024-11-05 09:39:30'),
(1403, 'aurongojeblishad@gmail.com', 'the', 'Philosophical Fiction', '2024-11-05 09:39:30'),
(1404, 'aurongojeblishad@gmail.com', 'the', 'Gothic Fiction', '2024-11-05 09:39:30'),
(1405, 'aurongojeblishad@gmail.com', 'the', 'Romance', '2024-11-05 09:39:30'),
(1406, 'aurongojeblishad@gmail.com', 'the', 'Philosophical Fiction', '2024-11-05 09:39:30'),
(1407, 'aurongojeblishad@gmail.com', 'the', 'Realism', '2024-11-05 09:39:30'),
(1408, 'aurongojeblishad@gmail.com', 'the', 'Existentialism', '2024-11-05 09:39:30'),
(1409, 'aurongozeblishad@gmail.com', 'the', 'Drama', '2024-11-05 09:40:54'),
(1410, 'aurongozeblishad@gmail.com', 'the', 'Classic Literature', '2024-11-05 09:40:54'),
(1411, 'aurongozeblishad@gmail.com', 'the', 'Fantasy', '2024-11-05 09:40:54'),
(1412, 'aurongozeblishad@gmail.com', 'the', 'Gothic', '2024-11-05 09:40:54'),
(1413, 'aurongozeblishad@gmail.com', 'the', 'Epic Fantasy', '2024-11-05 09:40:54'),
(1414, 'aurongozeblishad@gmail.com', 'the', 'Classic Fiction', '2024-11-05 09:40:54'),
(1415, 'aurongozeblishad@gmail.com', 'the', 'Drama', '2024-11-05 09:40:54'),
(1416, 'aurongozeblishad@gmail.com', 'the', 'Adventure', '2024-11-05 09:40:54'),
(1417, 'aurongozeblishad@gmail.com', 'the', 'Classic', '2024-11-05 09:40:54'),
(1418, 'aurongozeblishad@gmail.com', 'the', 'Romance', '2024-11-05 09:40:54'),
(1419, 'aurongozeblishad@gmail.com', 'the', 'Philosophical Fiction', '2024-11-05 09:40:54'),
(1420, 'aurongozeblishad@gmail.com', 'the', 'Gothic Fiction', '2024-11-05 09:40:54'),
(1421, 'aurongozeblishad@gmail.com', 'the', 'Romance', '2024-11-05 09:40:54'),
(1422, 'aurongozeblishad@gmail.com', 'the', 'Philosophical Fiction', '2024-11-05 09:40:54'),
(1423, 'aurongozeblishad@gmail.com', 'the', 'Realism', '2024-11-05 09:40:54'),
(1424, 'aurongozeblishad@gmail.com', 'the', 'Existentialism', '2024-11-05 09:40:54'),
(1425, 'aurongojeblishad02@gmail.com', 'the', 'Drama', '2024-11-05 09:53:30'),
(1426, 'aurongojeblishad02@gmail.com', 'the', 'Classic Literature', '2024-11-05 09:53:30'),
(1427, 'aurongojeblishad02@gmail.com', 'the', 'Fantasy', '2024-11-05 09:53:30'),
(1428, 'aurongojeblishad02@gmail.com', 'the', 'Gothic', '2024-11-05 09:53:30'),
(1429, 'aurongojeblishad02@gmail.com', 'the', 'Epic Fantasy', '2024-11-05 09:53:30'),
(1430, 'aurongojeblishad02@gmail.com', 'the', 'Classic Fiction', '2024-11-05 09:53:30'),
(1431, 'aurongojeblishad02@gmail.com', 'the', 'Drama', '2024-11-05 09:53:30'),
(1432, 'aurongojeblishad02@gmail.com', 'the', 'Adventure', '2024-11-05 09:53:30'),
(1433, 'aurongojeblishad02@gmail.com', 'the', 'Classic', '2024-11-05 09:53:30'),
(1434, 'aurongojeblishad02@gmail.com', 'the', 'Romance', '2024-11-05 09:53:30'),
(1435, 'aurongojeblishad02@gmail.com', 'the', 'Philosophical Fiction', '2024-11-05 09:53:30'),
(1436, 'aurongojeblishad02@gmail.com', 'the', 'Gothic Fiction', '2024-11-05 09:53:30'),
(1437, 'aurongojeblishad02@gmail.com', 'the', 'Romance', '2024-11-05 09:53:30'),
(1438, 'aurongojeblishad02@gmail.com', 'the', 'Philosophical Fiction', '2024-11-05 09:53:30'),
(1439, 'aurongojeblishad02@gmail.com', 'the', 'Realism', '2024-11-05 09:53:30'),
(1440, 'aurongojeblishad02@gmail.com', 'the', 'Existentialism', '2024-11-05 09:53:30'),
(1441, 'aurongojeblishad02@gmail.com', 'the', 'Drama', '2024-11-05 09:55:16'),
(1442, 'aurongojeblishad02@gmail.com', 'the', 'Classic Literature', '2024-11-05 09:55:16'),
(1443, 'aurongojeblishad02@gmail.com', 'the', 'Fantasy', '2024-11-05 09:55:16'),
(1444, 'aurongojeblishad02@gmail.com', 'the', 'Gothic', '2024-11-05 09:55:16'),
(1445, 'aurongojeblishad02@gmail.com', 'the', 'Epic Fantasy', '2024-11-05 09:55:16'),
(1446, 'aurongojeblishad02@gmail.com', 'the', 'Classic Fiction', '2024-11-05 09:55:16'),
(1447, 'aurongojeblishad02@gmail.com', 'the', 'Drama', '2024-11-05 09:55:16'),
(1448, 'aurongojeblishad02@gmail.com', 'the', 'Adventure', '2024-11-05 09:55:16'),
(1449, 'aurongojeblishad02@gmail.com', 'the', 'Classic', '2024-11-05 09:55:16'),
(1450, 'aurongojeblishad02@gmail.com', 'the', 'Romance', '2024-11-05 09:55:16'),
(1451, 'aurongojeblishad02@gmail.com', 'the', 'Philosophical Fiction', '2024-11-05 09:55:16'),
(1452, 'aurongojeblishad02@gmail.com', 'the', 'Gothic Fiction', '2024-11-05 09:55:16'),
(1453, 'aurongojeblishad02@gmail.com', 'the', 'Romance', '2024-11-05 09:55:16'),
(1454, 'aurongojeblishad02@gmail.com', 'the', 'Philosophical Fiction', '2024-11-05 09:55:16'),
(1455, 'aurongojeblishad02@gmail.com', 'the', 'Realism', '2024-11-05 09:55:16'),
(1456, 'aurongojeblishad02@gmail.com', 'the', 'Existentialism', '2024-11-05 09:55:16');

-- --------------------------------------------------------

--
-- Table structure for table `users`
--

CREATE TABLE `users` (
  `id` int(11) NOT NULL,
  `name` varchar(100) NOT NULL,
  `email` varchar(100) NOT NULL,
  `dob` date NOT NULL,
  `mobile` varchar(15) NOT NULL,
  `password` varchar(255) NOT NULL,
  `created_at` timestamp NOT NULL DEFAULT current_timestamp(),
  `otp` varchar(6) DEFAULT NULL,
  `otp_expiry` datetime DEFAULT NULL
) ENGINE=InnoDB DEFAULT CHARSET=utf8mb4 COLLATE=utf8mb4_general_ci;

--
-- Dumping data for table `users`
--

INSERT INTO `users` (`id`, `name`, `email`, `dob`, `mobile`, `password`, `created_at`, `otp`, `otp_expiry`) VALUES
(3, 'Mugdho Rahman', 'eftekhar.rahman@northsouth.edu', '2024-10-02', '8664477977', '$2y$10$G84yHhxQwJKcRyKvspRfGOUaoUtDQCExbrUJedBWejRJc8K2EIosa', '2024-09-30 20:15:31', '880484', '2024-09-30 22:22:47'),
(6, 'ratul', 'rhankon2001@gmail.com', '2024-10-03', '0171905703', '$2y$10$0WwPLSoyG0rXVliP.42IDOMOIB45wRdnENQz7kT04hB3tj577pgt6', '2024-09-30 20:47:36', '628672', '2024-09-30 22:53:23'),
(7, 'adnan', 'reyna@gmail.com', '2024-10-08', '00000001', '$2y$10$i29Yt6ynHyPn3Azt.sTceelRb1IX8N2YlMYQGqkaErrl0JmD0461e', '2024-10-01 05:21:59', NULL, NULL),
(8, 'adnan', 'samihalucky@gmail.com', '2024-10-08', '00000001', '$2y$10$OxT3w76RK.j5jd.DDge26Oq8F1aeknlWATiOmmoo5hD8OCsPZoxPW', '2024-10-01 05:23:56', '370638', '2024-10-01 07:32:56'),
(9, 'devid', 'ankon@gmail.com', '2024-10-09', '9346354322', '$2y$10$flz6b7jVBpPDopYRMZ.zRu44RgZ63FeB36SA8CJv4FSAq2CbB.P5O', '2024-10-01 05:48:36', NULL, NULL),
(10, 'minda', 'drlipon007@gmail.com', '2024-10-02', '00000001', '$2y$10$LRrvU91b27vozejQbJBSMuLS1wo.8o47JPOVAFlWqqQEp1dDDYoHy', '2024-10-01 06:02:30', NULL, NULL),
(11, 'shahriar', 'shahariar@gmail.com', '2024-10-19', '8473746309483', '$2y$10$UqtIE0BA6U9uSr8g52mup.3ovC2zWrKAQfo9eCFVgES1.L2QMzLVa', '2024-10-01 09:25:30', NULL, NULL),
(13, 'LISHAD', 'aurongojeblishad02@gmail.com', '2002-04-20', '01870603476', '$2y$10$roZENCgQi4kTs2fVMv9Ez.lWGZOHmbNumlXQQDi4IByh8hhTwU3zq', '2024-10-02 20:55:34', '255957', '2024-11-05 17:09:57'),
(15, 'aurongojeb', 'aurongozeblishad@gmail.com', '2024-10-04', '99989', '$2y$10$dO/uJal4QIDRW5TizlNmk.Hq4VkozfzhO5ZrtTuGW9TpgoAz9YHPC', '2024-10-21 20:41:13', '130919', '2024-11-05 10:45:26'),
(16, 'AL', 'aurongojeblishad@gmail.com', '2023-11-07', '043497384734', '$2y$10$3D6cSNyvPvm4S6OjjPO6n.3ATMjSzHXFl6fiZkzBDV4GVHvLL6AK2', '2024-10-25 18:26:50', '692231', '2024-11-05 10:43:57'),
(17, 'arafat', 'adnanarafat007@gmail.com', '2024-10-16', '66456347678', '$2y$10$.dZFqLTIGbu5EEzd7UuIL.N/PRFLANuSzkc2b4u5x8wggZV6.beq2', '2024-10-29 09:16:02', '939918', '2024-11-05 10:31:58');

--
-- Indexes for dumped tables
--

--
-- Indexes for table `admin`
--
ALTER TABLE `admin`
  ADD PRIMARY KEY (`id`),
  ADD UNIQUE KEY `email` (`email`);

--
-- Indexes for table `books`
--
ALTER TABLE `books`
  ADD PRIMARY KEY (`book_id`);

--
-- Indexes for table `borrowed_books`
--
ALTER TABLE `borrowed_books`
  ADD PRIMARY KEY (`borrow_id`),
  ADD KEY `id` (`id`),
  ADD KEY `book_id` (`book_id`);

--
-- Indexes for table `reservations`
--
ALTER TABLE `reservations`
  ADD PRIMARY KEY (`reservation_id`),
  ADD KEY `book_id` (`book_id`),
  ADD KEY `user_email` (`user_email`);

--
-- Indexes for table `search_history`
--
ALTER TABLE `search_history`
  ADD PRIMARY KEY (`id`);

--
-- Indexes for table `users`
--
ALTER TABLE `users`
  ADD PRIMARY KEY (`id`),
  ADD UNIQUE KEY `email` (`email`);

--
-- AUTO_INCREMENT for dumped tables
--

--
-- AUTO_INCREMENT for table `admin`
--
ALTER TABLE `admin`
  MODIFY `id` int(11) NOT NULL AUTO_INCREMENT, AUTO_INCREMENT=5;

--
-- AUTO_INCREMENT for table `books`
--
ALTER TABLE `books`
  MODIFY `book_id` int(11) NOT NULL AUTO_INCREMENT, AUTO_INCREMENT=41;

--
-- AUTO_INCREMENT for table `borrowed_books`
--
ALTER TABLE `borrowed_books`
  MODIFY `borrow_id` int(11) NOT NULL AUTO_INCREMENT, AUTO_INCREMENT=87;

--
-- AUTO_INCREMENT for table `reservations`
--
ALTER TABLE `reservations`
  MODIFY `reservation_id` int(11) NOT NULL AUTO_INCREMENT, AUTO_INCREMENT=43;

--
-- AUTO_INCREMENT for table `search_history`
--
ALTER TABLE `search_history`
  MODIFY `id` int(11) NOT NULL AUTO_INCREMENT, AUTO_INCREMENT=1457;

--
-- AUTO_INCREMENT for table `users`
--
ALTER TABLE `users`
  MODIFY `id` int(11) NOT NULL AUTO_INCREMENT, AUTO_INCREMENT=18;

--
-- Constraints for dumped tables
--

--
-- Constraints for table `borrowed_books`
--
ALTER TABLE `borrowed_books`
  ADD CONSTRAINT `borrowed_books_ibfk_1` FOREIGN KEY (`id`) REFERENCES `users` (`id`),
  ADD CONSTRAINT `borrowed_books_ibfk_2` FOREIGN KEY (`book_id`) REFERENCES `books` (`book_id`);

--
-- Constraints for table `reservations`
--
ALTER TABLE `reservations`
  ADD CONSTRAINT `reservations_ibfk_1` FOREIGN KEY (`book_id`) REFERENCES `books` (`book_id`),
  ADD CONSTRAINT `reservations_ibfk_2` FOREIGN KEY (`user_email`) REFERENCES `users` (`email`);
COMMIT;

/*!40101 SET CHARACTER_SET_CLIENT=@OLD_CHARACTER_SET_CLIENT */;
/*!40101 SET CHARACTER_SET_RESULTS=@OLD_CHARACTER_SET_RESULTS */;
/*!40101 SET COLLATION_CONNECTION=@OLD_COLLATION_CONNECTION */;
